ProductGroupID,GroupName,Description,ParentGroupID,DateCreated,IsActive,DisplayOrder,CreatedBy,UpdatedBy,DateUpdated
1,culture,Light democratic fire including collection more.,,2022-07-22 07:05:19,False,74,dsharp,kluna,2024-05-13 15:25:20
2,bill,Because president trouble science world draw meeting.,37.0,2022-10-25 13:52:03,False,191,robertohorton,hubbardpamela,2024-01-06 10:50:09
3,building,Fear light live machine eat.,40.0,2023-09-01 01:47:07,False,150,robert16,judy05,2024-02-14 13:33:19
4,tell,Seat single arrive however forward yes anyone.,30.0,2023-06-24 01:50:02,False,142,heathermendoza,khankevin,2024-06-01 15:08:28
5,security,American capital career late effect education community.,48.0,2022-11-01 16:53:06,False,91,amandashah,peckjoshua,2024-03-12 14:07:36
6,while,Send and state ask.,31.0,2020-03-13 22:13:47,True,153,cathy56,brenda60,2024-06-07 01:21:37
7,others,Nothing almost arrive.,33.0,2023-08-11 19:37:27,False,36,brownfrances,zhamilton,2024-06-01 23:50:14
8,public,Include capital see hard coach action continue everything.,32.0,2022-07-22 22:22:22,True,113,nhowe,zelliott,2024-05-08 21:51:08
9,check,Interest energy piece bad.,12.0,2021-10-05 02:25:36,False,56,cameron13,mholland,2024-03-25 09:46:21
10,Democrat,Food out attorney.,38.0,2022-11-19 14:14:38,True,119,johnanderson,michaelhumphrey,2024-03-28 05:54:59
11,green,Seven soon design tonight type.,13.0,2022-12-23 03:45:53,False,47,coxjonathan,richard71,2024-02-03 03:29:23
12,term,Show hand from politics.,18.0,2022-12-03 00:31:36,True,189,morrisonderek,sandralarsen,2024-02-02 22:28:45
13,commercial,More board determine red these.,33.0,2024-01-18 16:29:48,True,102,lydiaburch,vpadilla,2024-03-25 14:50:15
14,actually,Wide board rule.,44.0,2023-08-27 06:11:10,False,170,johnstonnoah,hoodjamie,2024-05-25 14:51:58
15,popular,Write artist office work.,48.0,2023-10-17 03:02:41,True,106,rachelharris,dana66,2024-02-06 17:33:25
16,similar,Image memory no.,8.0,2021-09-22 11:30:01,False,191,jessicagoodman,bbrown,2024-03-28 13:44:37
17,want,Great Democrat program would.,8.0,2020-04-22 09:55:56,False,192,ychristensen,steven14,2024-04-12 19:44:10
18,determine,Political nature institution.,40.0,2021-08-28 07:24:27,True,110,richmondpamela,walkerjustin,2024-02-17 07:02:41
19,service,Break political recent force too letter.,15.0,2021-06-01 04:43:09,False,14,steven18,longkristen,2024-02-10 21:55:45
20,president,Surface manage cut show magazine design.,17.0,2023-02-02 05:49:59,False,13,martinezkevin,colleenvalencia,2024-06-07 15:24:18
21,friend,Floor boy guess senior against.,17.0,2021-05-12 18:05:50,True,181,mistyjames,alexisrivera,2024-03-08 07:23:45
22,really,Idea focus bar break through future.,39.0,2024-04-01 20:02:12,True,40,jacquelinerush,mccannmegan,2024-04-13 00:55:08
23,concern,Home begin probably.,46.0,2022-02-09 20:40:44,True,162,garnerchristian,valeriegross,2024-02-16 14:06:14
24,particularly,Stop create least back film bit notice.,27.0,2020-06-20 01:50:27,False,116,gkennedy,robert78,2024-04-17 22:32:46
25,Mr,Item rule time grow economic entire issue help.,17.0,2020-03-08 06:13:03,False,29,wilsonsharon,brownerin,2024-02-26 20:04:58
26,consider,Fine star charge want success whatever smile event.,11.0,2024-01-11 11:23:23,False,109,kimcummings,jennifermalone,2024-05-18 21:53:32
27,upon,Develop evidence government will skin light.,21.0,2021-05-20 09:20:46,False,89,gaguirre,zhernandez,2024-02-23 01:54:37
28,big,Store lot hot order.,40.0,2023-09-16 19:25:42,False,149,mindyjordan,danielsstephanie,2024-02-24 07:48:57
29,community,Fly table peace pull PM.,26.0,2022-02-02 13:48:13,True,159,skinnerkevin,torresjason,2024-03-05 13:54:20
30,never,Baby now kitchen.,49.0,2021-07-07 03:18:10,False,84,adam35,garciabrenda,2024-05-27 08:20:28
31,rule,White magazine everything guy beat whatever let.,43.0,2021-12-22 21:57:29,True,122,caleb29,samanthadavis,2024-06-06 15:10:13
32,coach,To crime could smile.,8.0,2022-11-12 19:52:20,True,126,jkeller,olopez,2024-02-18 21:56:09
33,writer,West expect usually everybody language own.,1.0,2023-05-02 05:08:19,False,163,kimberlymartinez,cgriffin,2024-06-09 17:45:48
34,affect,Send arm daughter might vote.,17.0,2022-10-09 05:51:53,True,97,nclark,derrick45,2024-03-12 11:49:30
35,seem,Meet build space real available night recognize sea.,38.0,2023-03-18 07:06:02,False,74,turnersarah,erinromero,2024-03-04 09:54:51
36,left,Statement score seem idea.,3.0,2022-08-18 06:48:33,True,137,williamsdeborah,hallbrandon,2024-05-30 04:20:37
37,future,Say design special mind century return movie reach.,36.0,2021-08-12 11:43:17,False,27,jennifer59,esimpson,2024-02-28 02:01:52
38,girl,Final training course every.,33.0,2023-06-09 18:25:51,True,163,alejandro98,gloria47,2024-01-23 02:27:11
39,director,To special hair less.,21.0,2022-01-03 13:22:23,False,177,cramirez,pbond,2024-01-20 06:50:43
40,join,Without officer cell their lot.,30.0,2022-06-20 21:01:58,False,136,fitzpatrickmartha,wallacevalerie,2024-05-05 13:38:18
41,million,Similar onto apply create step free how.,21.0,2023-01-13 04:52:41,False,132,newtonangela,wcaldwell,2024-01-23 10:56:05
42,ball,Dream other above.,35.0,2022-05-29 07:42:38,False,114,sandy15,cobbmichelle,2024-01-31 01:27:03
43,fear,Bar throw north.,29.0,2024-03-13 17:43:21,True,14,margaret20,michele12,2024-01-06 21:02:49
44,cell,Table his others former hot everybody chair.,43.0,2020-09-10 00:45:01,False,190,browntiffany,wesley63,2024-01-04 03:34:16
45,ready,Could place thousand scene front help team.,6.0,2020-06-24 04:49:28,False,117,kelleyamy,qgordon,2024-04-30 06:34:38
46,cup,Yard executive spend piece final live.,13.0,2020-05-02 07:37:44,True,77,bhernandez,hubbardsummer,2024-03-10 14:20:08
47,a,Discuss agency together by listen same today choose.,44.0,2022-07-28 19:48:22,True,18,cochranscott,ryan83,2024-04-12 15:54:55
48,land,Region candidate some sometimes beautiful commercial.,,2021-07-31 11:42:54,True,8,steven76,rachelgibbs,2024-03-19 03:58:37
49,hope,Whether home door property store.,27.0,2020-10-18 11:34:01,True,92,riveramichael,jennifersummers,2024-04-06 12:42:53
50,pay,Natural yard week choice leg continue.,28.0,2023-09-21 07:56:55,True,30,smithmary,jamespatton,2024-01-13 16:31:46
51,politics,World always project if oil couple cover.,11.0,2022-07-09 16:35:15,False,79,eprince,jennifer03,2024-01-17 06:50:52
52,cultural,Peace carry range prevent.,11.0,2020-10-12 17:07:19,True,148,ricardogates,karenwashington,2024-02-08 17:38:45
53,rather,Scientist trial five window summer feeling start worry.,11.0,2022-04-22 08:36:18,False,11,xsteele,bwalker,2024-04-21 22:22:36
54,food,Forget two most every share my last.,28.0,2022-04-20 01:03:14,False,109,kbrown,upatterson,2024-02-09 17:37:20
55,certainly,Number owner material out.,33.0,2021-04-09 08:57:14,True,8,susan85,jennifer54,2024-06-01 18:38:43
56,beautiful,Mission seek leave one series.,20.0,2021-04-12 10:54:29,True,118,jrobinson,samanthayork,2024-04-29 13:36:17
57,democratic,Herself least well no question.,28.0,2022-07-26 03:01:11,True,140,omontoya,warnermaria,2024-05-18 05:35:00
58,success,Environment last car fast open we with.,9.0,2021-12-01 02:42:33,False,29,lreynolds,theresa55,2024-05-21 03:42:01
59,night,Have without like protect true however sister.,25.0,2023-08-27 12:35:52,True,112,rthompson,anna81,2024-03-18 16:38:11
60,science,Notice low use production record price group.,11.0,2023-02-25 04:07:54,True,176,xmartinez,mrussell,2024-05-03 01:46:24
61,stage,Manager he turn open billion spring person.,1.0,2020-02-23 20:25:43,True,98,dmadden,jenkinsderek,2024-02-17 15:00:15
62,have,Ability part story.,20.0,2021-02-23 10:34:17,False,83,simmonsdavid,hhaas,2024-05-15 04:21:23
63,heavy,Foreign house military hard guy benefit today international.,,2021-10-07 14:47:44,True,18,charles01,richardpratt,2024-02-06 15:15:25
64,such,Off either defense trial.,29.0,2020-09-02 04:45:24,True,18,richard50,blawson,2024-01-18 17:03:03
65,technology,Director amount total song letter her.,30.0,2022-03-22 11:00:00,False,160,rachelshaw,norma88,2024-05-29 05:53:37
66,whose,Cup share possible understand newspaper.,41.0,2022-10-20 16:10:32,True,162,shannonrobinson,awhite,2024-02-27 07:21:37
67,major,Before truth challenge few still include.,31.0,2021-02-23 09:50:12,True,87,joshua93,ywilliams,2024-05-16 13:16:56
68,news,Tree collection quite bank lawyer group.,37.0,2023-05-04 21:32:21,False,21,elizabethdonovan,osbornejames,2024-04-13 21:25:28
69,along,Owner nothing region model.,,2020-05-01 01:19:42,True,49,danielroberts,xowen,2024-04-25 01:00:43
70,customer,Wrong inside recent pull ever operation people.,18.0,2021-08-14 08:42:25,False,3,orobbins,rwall,2024-05-09 22:01:53
71,blue,Fund report so second.,14.0,2024-02-02 16:39:31,False,5,derekhiggins,kayla09,2024-03-12 07:22:01
72,indeed,Voice a time door hand.,36.0,2023-06-08 08:30:33,False,43,nharris,lchambers,2024-03-16 14:45:32
73,international,Action structure tend generation pattern.,48.0,2024-01-04 04:29:03,True,36,ashley47,craig29,2024-04-27 15:10:09
74,play,Follow quality onto like.,11.0,2020-06-03 09:07:10,True,155,heidi66,jeremywilliams,2024-03-22 18:51:56
75,let,Financial gun cost join score memory accept hot.,32.0,2021-06-12 23:33:16,True,13,tdavis,mitchellcox,2024-06-02 19:53:04
76,from,Whom drive imagine capital although or significant.,49.0,2023-06-24 06:03:45,False,158,kgriffin,herreraricky,2024-01-08 19:04:17
77,factor,Continue value policy business.,16.0,2020-12-30 06:33:26,True,140,laurenhall,gomezkristina,2024-02-28 16:10:15
78,for,To that paper region.,43.0,2021-05-04 15:06:18,False,186,fpierce,kylestone,2024-05-03 19:21:40
79,pass,Right cultural official.,35.0,2022-08-08 16:06:46,True,111,kingkenneth,gilllinda,2024-02-16 04:59:39
80,include,Ground language serious call.,19.0,2021-07-06 13:19:59,False,131,courtney71,doyletraci,2024-05-09 03:58:48
81,model,Debate project most candidate great understand start.,21.0,2020-09-08 23:52:10,False,59,dburch,jguerrero,2024-06-04 00:57:55
82,future,That action wide financial.,10.0,2021-04-02 01:02:05,False,45,david90,leejohn,2024-03-30 05:17:59
83,occur,Other benefit arrive above up recently manage.,50.0,2022-08-10 09:13:32,True,16,1938-04-01 00:00:00,heather54,2024-01-23 22:12:37
84,even,Scene nice road job night perform.,42.0,2023-04-23 03:24:59,False,23,chambersrandy,rfitzpatrick,2024-02-20 18:26:31
85,like,Toward feeling thing claim economic reduce.,42.0,2020-05-06 23:48:40,True,104,stevechaney,brittanybrown,2024-02-29 11:14:12
86,economic,Well form discover democratic current tell sport.,44.0,2022-06-18 15:35:35,False,17,joseph65,ywatson,2024-02-23 13:15:02
87,serious,Seek a own per eat.,47.0,2022-09-20 03:23:19,False,175,tsmith,hartamber,2024-03-30 19:31:08
88,mouth,Impact make difference people itself.,46.0,2022-10-31 09:19:00,True,29,perezdavid,claudiafinley,2024-06-05 07:17:05
89,while,Six really with week loss pressure source.,30.0,2024-04-30 11:51:33,False,24,angela99,stevenschneider,2024-01-08 09:28:30
90,effort,Baby during control door admit ten discuss.,44.0,2023-05-08 01:30:16,False,184,robert54,georgedawn,2024-01-30 01:35:02
91,foot,Anything as product.,3.0,2023-02-08 05:25:09,True,70,pbailey,sharimueller,2024-01-16 23:56:46
92,nation,Game painting hair late woman institution some.,45.0,2020-09-05 16:53:06,True,180,cummingsjennifer,chapmanmatthew,2024-01-28 03:09:33
93,study,Program scene century leave investment simply.,35.0,2023-05-23 16:35:42,True,142,yolandakidd,willissusan,2024-05-27 06:49:23
94,choose,Technology along break general point eye.,40.0,2020-03-05 06:51:39,False,199,marietaylor,thomashernandez,2024-06-07 08:35:42
95,moment,Democratic account myself system stand fear record top.,11.0,2021-12-31 07:15:08,False,140,timothyperez,vpatel,2024-04-26 11:35:36
96,second,Too suggest film civil letter suddenly.,33.0,2020-09-15 18:40:58,True,91,hoganstephanie,carrmax,2024-03-01 21:32:29
97,herself,Until red hard top theory.,33.0,2023-03-22 11:02:02,False,11,meaganphillips,2024-03-08 00:00:00,2024-05-26 14:18:05
98,rise,Hope account statement before.,32.0,2022-01-20 20:26:13,True,44,darren04,allison11,2024-01-30 03:06:10
99,manage,Hair position wait born purpose worry amount.,8.0,2021-09-03 20:37:07,False,135,devin87,xpark,2024-02-10 03:13:06
100,treatment,Including cause concern.,46.0,2023-01-07 22:28:20,True,87,rachelevans,rogerschristina,2024-03-03 16:39:48
101,less,Through agreement north good could chair.,14.0,2022-03-05 19:42:27,False,29,coreyholden,teresafernandez,2024-05-26 11:08:13
102,coach,Meeting real game at structure.,37.0,2021-08-04 11:37:44,True,36,iweber,jonesmichelle,2024-05-30 14:09:40
103,project,Difference where check there computer.,9.0,2021-05-10 09:46:54,True,151,martinmccarthy,jennifermiller,2024-03-13 16:42:00
104,yourself,Writer beautiful person attack especially source.,19.0,2022-01-27 05:54:02,False,15,james31,whooper,2024-04-11 18:46:15
105,wear,Start radio cell behind newspaper including level.,6.0,2022-01-06 17:58:24,True,26,nhansen,thomas09,2024-05-18 08:49:03
106,management,Way human southern.,27.0,2024-01-12 19:24:05,False,162,carolmiller,keith25,2024-06-07 13:31:55
107,top,Give seek another guess.,9.0,2023-05-27 17:19:42,False,118,aharris,janderson,2024-05-13 23:10:40
108,by,Free movement summer term eight.,20.0,2022-07-14 13:07:27,False,180,wfarrell,mariechoi,2024-06-11 07:04:54
109,soldier,Federal officer build leave use open.,29.0,2021-10-15 22:33:45,True,57,palmerrichard,william80,2024-02-14 02:07:56
110,add,Wind within skin woman start.,19.0,2021-08-20 21:15:48,False,143,eduardowilliamson,fernando45,2024-04-20 07:48:52
111,although,Bed common nothing rock seat difference.,16.0,2020-02-09 09:10:35,False,190,brian10,jacquelinecrawford,2024-01-02 09:14:14
112,for,Suffer successful professor.,,2020-09-23 03:35:16,False,123,camachoeric,jwheeler,2024-04-26 06:49:49
113,start,Rich moment reality feeling glass.,39.0,2024-01-07 17:49:02,False,98,cmcneil,rodriguezpeter,2024-02-09 12:39:56
114,travel,Near my while not.,43.0,2023-07-05 10:23:16,False,87,andrew01,fieldstammy,2024-03-28 10:41:05
115,beat,Experience mean minute box.,6.0,2024-05-07 18:45:23,True,44,reyesmichael,xdennis,2024-02-21 12:59:29
116,box,Process couple political.,31.0,2023-07-20 12:38:00,True,159,martincynthia,john27,2024-03-31 11:10:49
117,out,Best although weight institution ok specific.,16.0,2023-03-30 00:51:53,False,134,timothytaylor,nshaw,2024-03-23 23:38:49
118,law,Knowledge both agency like natural edge.,42.0,2022-04-17 09:10:41,True,173,johnsonjames,robertsangelica,2024-01-12 03:21:12
119,remain,Picture computer in language lose cut Congress.,31.0,2020-07-23 10:41:45,False,64,heatherrobinson,tjordan,2024-03-03 06:26:13
120,color,Management nothing according only degree science government your.,39.0,2020-09-27 05:53:01,True,193,uhurley,jordanjessica,2024-01-16 13:53:09
121,chance,Morning each impact or amount American.,29.0,2022-03-21 06:30:54,True,179,kaylapacheco,bnielsen,2024-04-18 14:21:51
122,enjoy,Born computer sign claim forward.,20.0,2022-11-11 23:45:17,True,165,kingmary,christopherevans,2024-02-18 07:05:29
123,no,Begin long evidence skill staff.,31.0,2021-08-08 08:14:43,True,58,jamesjohn,jgraham,2024-03-06 16:42:39
124,how,Fear would over where young quite.,20.0,2023-10-28 20:21:51,False,48,prestonortega,larry05,2024-06-09 21:18:24
125,into,Standard amount huge national.,50.0,2023-04-01 16:44:02,False,48,brandi68,stephanie58,2024-04-01 03:20:27
126,agree,Trial care so.,44.0,2023-11-18 13:59:36,False,195,amunoz,kathryngraham,2024-06-09 22:54:24
127,establish,Government keep baby professional artist.,6.0,2023-05-07 16:10:06,True,30,fschultz,paulpetty,2024-05-28 18:43:24
128,how,Throw ever put professor run ground.,36.0,2022-02-03 23:12:51,False,11,mariaburke,zhaas,2024-04-24 04:17:35
129,because,Security a general way ability dinner his.,27.0,2024-03-17 12:54:30,True,193,sandramontoya,jamielee,2024-03-21 01:00:03
130,create,Medical study like unit reach rate.,43.0,2023-05-09 02:56:06,False,162,walkerjessica,amanda40,2024-03-20 16:23:28
131,sort,Should practice word quality fight reality.,23.0,2023-06-26 01:48:13,False,99,melissabeck,brucechristian,2024-02-29 00:20:07
132,within,Budget good view yes we phone drug.,3.0,2022-08-05 18:23:21,False,53,alexis25,andersondawn,2024-02-09 13:15:20
133,cover,Crime structure work old here stuff evening.,,2022-12-31 13:23:27,False,15,bellhoward,samanthapaul,2024-04-18 20:15:14
134,choice,Miss smile with beat pull should.,17.0,2020-09-14 03:46:32,False,19,brettcook,ryanalvarado,2024-01-06 06:15:02
135,window,Newspaper key include blue.,22.0,2020-02-02 15:54:58,False,26,james76,fporter,2024-02-29 17:45:30
136,unit,Hospital impact according throughout give term avoid.,4.0,2020-07-05 09:24:55,True,189,stewartjohn,andreabrooks,2024-04-23 08:37:21
137,happy,Writer plant police front deal ability vote place.,45.0,2020-04-27 09:16:22,True,154,dalerichardson,michael70,2024-02-11 12:58:31
138,tend,Forget future also debate wind.,12.0,2023-10-01 04:12:42,True,191,waltereugene,livingstonlisa,2024-04-05 17:59:09
139,worker,Former dinner executive likely.,25.0,2023-03-20 05:48:29,True,87,denisepena,christopher27,2024-02-07 02:42:49
140,gun,Property model able a situation official.,48.0,2020-05-24 00:43:05,True,45,burnsmichelle,pwhitaker,2024-03-25 18:38:17
141,begin,Eye house per third discuss positive.,18.0,2023-04-07 12:20:05,True,105,eduardochristensen,alexandermooney,2024-06-08 20:12:31
142,must,Step strong feeling this.,35.0,2020-07-16 00:07:01,False,148,matthewmejia,mark50,2024-02-18 10:04:54
143,message,Six technology former claim prepare agreement.,31.0,2020-09-13 11:15:15,False,186,scottanderson,sallen,2024-04-20 11:47:24
144,customer,Minute could rather nation look.,4.0,2023-10-19 12:17:16,True,41,tjenkins,christine11,2024-05-28 03:50:08
145,say,General citizen pay.,45.0,2023-05-31 08:35:06,False,100,chavezmolly,stephen94,2024-04-20 14:00:09
146,manage,Leave mention movie.,23.0,2023-01-23 22:14:12,False,51,christianfitzgerald,beltransydney,2024-02-29 15:48:00
147,address,Manage whatever threat nothing account.,20.0,2022-12-19 15:17:00,False,151,crystal35,amyflowers,2024-05-29 08:02:06
148,he,Which room play watch Democrat director garden travel.,14.0,2020-03-04 12:39:47,True,97,fischervictoria,watsonkristin,2024-01-19 11:53:32
149,away,Manage around resource read claim network brother.,45.0,2024-01-24 10:37:03,True,36,cruzcarmen,kylemacias,2024-06-12 16:00:57
150,statement,High her memory.,32.0,2021-05-21 12:01:02,False,57,moraleslisa,milesronald,2024-01-16 07:19:23
151,prepare,Over western peace second.,9.0,2024-03-28 04:41:17,False,161,epatterson,rachelholmes,2024-03-13 16:23:12
152,cost,Time figure last total.,32.0,2021-07-03 22:41:46,False,30,samantha34,jordanharold,2024-04-08 05:42:02
153,decision,Far skin very action fine same.,31.0,2023-07-17 00:21:56,False,16,hwilliams,nburton,2024-05-25 15:48:41
154,hot,Structure benefit offer performance break space.,22.0,2021-01-19 05:32:25,False,159,wmacias,amynorman,2024-06-07 13:04:33
155,many,Develop traditional good soon baby range woman deal.,22.0,2024-03-24 03:09:47,True,116,dylansharp,bruce66,2024-04-07 21:15:14
156,ten,Trouble wear run bit difficult computer drive kind.,35.0,2020-03-30 00:48:12,True,13,jessicahouse,crystal43,2024-05-17 21:14:07
157,some,Age should class tell environmental game baby.,43.0,2020-03-08 21:12:26,False,2,zsnyder,kylelawrence,2024-02-04 02:01:43
158,Republican,Indeed commercial treat for letter.,5.0,2024-04-03 11:43:41,False,167,lskinner,brownsean,2024-05-27 23:39:46
159,east,Population they sign far speak indicate.,48.0,2024-05-28 12:05:17,False,200,wevans,hullrobert,2024-02-29 02:00:14
160,personal,Agent drive sure life discuss your statement as.,4.0,2023-12-01 05:17:40,True,104,kellymegan,cheryl09,2024-06-12 14:26:36
161,kid,Power position carry often student successful.,49.0,2022-07-17 00:11:50,False,84,simonbrian,suttonalec,2024-04-25 09:03:59
162,moment,Attack interesting win past manage since.,13.0,2021-11-02 01:23:35,False,32,ymathis,charles20,2024-03-15 04:44:24
163,region,Moment full better man agent information discussion.,16.0,2020-07-06 10:23:12,False,127,fergusonsharon,rbutler,2024-05-08 09:43:39
164,break,On recently mention.,13.0,2021-05-14 01:48:44,True,189,daniel30,reyesmichelle,2024-03-28 04:43:05
165,military,This apply writer summer.,11.0,2020-03-18 15:43:42,False,142,leeanthony,michelehudson,2024-06-04 10:03:25
166,decade,Lead movement Mrs.,5.0,2023-04-23 20:08:01,False,176,ethan27,joneskatie,2024-03-09 04:32:39
167,lot,People hotel less mouth.,41.0,2022-03-14 04:13:02,True,79,zacharygarcia,nbridges,2024-04-04 01:57:45
168,agency,Generation growth dog artist simple still.,33.0,2024-03-01 22:04:11,True,25,lindsay28,haleyscott,2024-01-19 19:44:10
169,significant,Change that degree student.,24.0,2022-04-20 15:00:41,True,63,davidpeterson,smithruth,2024-04-06 03:58:18
170,break,Great reflect management body sell note fine.,48.0,2021-02-06 00:37:08,True,130,jessicajones,spencer11,2024-05-08 13:14:34
171,able,Large throughout many wait available.,15.0,2020-04-11 08:46:17,True,199,olsonjeanne,sarahdavis,2024-04-30 09:58:57
172,court,Couple available water.,5.0,2023-11-13 21:38:41,False,33,murphygregory,melody20,2024-02-10 10:06:02
173,group,Buy can may civil name risk well.,19.0,2023-07-14 09:02:13,False,147,walterscarrie,svargas,2024-04-20 10:34:39
174,job,Water college agreement energy president.,31.0,2023-02-10 06:48:10,False,62,mooreerik,tcoleman,2024-04-08 06:53:41
175,cold,Two build black while.,44.0,2020-08-24 10:49:16,False,7,kdavis,christophermoore,2024-01-11 13:21:50
176,yeah,Reach property three respond actually scene.,3.0,2021-07-26 14:47:09,False,196,edgar70,jonathanparker,2024-06-11 19:59:05
177,few,Name four hotel easy community board audience action.,19.0,2022-05-12 14:39:06,True,191,andrea83,ritaedwards,2024-01-26 04:44:51
178,else,Fact indicate move could fine network character.,8.0,2020-03-19 17:52:46,True,128,davisjoseph,douglas37,2024-04-02 15:49:34
179,describe,Doctor indicate note series policy with despite.,27.0,2024-03-11 20:15:09,False,76,melissahanna,grantbernard,2024-03-28 14:51:01
180,own,Message close technology compare account ground name.,21.0,2024-02-12 01:12:51,False,77,nwebster,cookannette,2024-04-25 12:30:57
181,allow,Win board top writer leave inside radio.,48.0,2021-04-26 22:28:19,False,51,thomasmalone,theresagarcia,2024-05-18 11:39:17
182,environment,Note happy direction sing.,48.0,2024-04-24 19:34:12,False,4,yknight,gonzalesmelissa,2024-01-10 16:42:34
183,draw,Into trip though land order among.,46.0,2020-01-09 21:59:44,False,33,drew23,chloe28,2024-01-29 02:09:00
184,hotel,Science visit against.,32.0,2021-04-21 04:46:01,False,46,anthonybutler,ramosanthony,2024-01-21 16:35:36
185,enough,Painting technology statement.,38.0,2023-06-05 10:30:54,False,148,lgraham,webbrobert,2024-04-10 14:24:45
186,together,Attack low ago who difference.,46.0,2023-11-14 05:32:09,True,47,martinezbryce,wyattmark,2024-01-24 15:02:28
187,instead,Manage notice structure our prevent take we.,25.0,2023-11-17 21:40:45,True,169,michaelreed,katieperkins,2024-02-25 12:08:16
188,citizen,Eye son out heavy any door protect.,6.0,2023-12-07 08:23:48,False,15,bgarcia,matthewking,2024-04-17 04:07:16
189,watch,Rock positive everything for.,19.0,2020-01-25 01:30:01,False,135,barbaramendoza,cmiller,2024-03-20 01:59:11
190,oil,Red fly turn increase music.,38.0,2023-09-04 09:23:05,False,14,gomeztami,jonathan89,2024-03-19 04:52:06
191,hit,Skin doctor movie loss record about.,36.0,2020-05-27 15:09:50,True,106,jamesaustin,deckeranna,2024-01-23 21:51:32
192,least,Fund pick scene none environmental of notice drug.,40.0,2020-01-01 21:36:42,False,137,ruizrichard,marksrebecca,2024-05-13 08:15:26
193,actually,To wall three ago and culture mind well.,43.0,2022-02-15 02:27:02,True,70,amber91,bsmith,2024-01-12 01:07:15
194,suffer,Land contain bag poor action specific.,48.0,2021-05-19 10:05:41,False,103,becky50,leroy70,2024-01-27 03:54:31
195,against,Outside like night throw face write.,34.0,2023-10-24 18:54:36,True,169,leslie49,lawrence65,2024-04-01 06:08:09
196,prepare,Send nor argue few.,18.0,2020-07-20 20:46:39,True,80,campbelldakota,johnnywalker,2024-02-09 00:35:45
197,worker,Really life left modern process ten across design.,31.0,2024-03-03 14:52:20,False,142,fallen,panderson,2024-05-03 23:50:03
198,operation,Notice drop whom door cold respond still.,18.0,2024-02-23 05:32:38,False,146,fordleslie,amberwelch,2024-03-03 02:39:37
199,deal,Rise yourself watch turn mention.,25.0,2022-01-17 14:08:17,True,96,karenwhite,ellissteven,2024-04-04 09:17:23
200,say,Water still deep town serve population.,2.0,2022-11-13 10:31:01,False,102,amykoch,sandra09,2024-05-09 08:09:31
