sale_id,customer_id,product_id,sale_date,quantity,total_amount,discount,tax_amount,payment_method,shipping_address
1,161,33,2023-06-21,6,80.8,6.87,3.01,PayPal,"9585 Adams Garden, Washingtonfurt, AZ 18988"
2,582,38,2022-02-08,5,659.1,28.82,95.65,Credit Card,"371 Stokes Tunnel Suite 496, Jeffreyview, ID 40960"
3,842,20,2022-10-08,8,112.37,42.88,51.46,Credit Card,"6407 Ward Course Apt. 783, Garciahaven, GA 51389"
4,383,10,2021-06-01,4,644.24,0.22,98.14,Cash,"2700 Adrian Estate, New Elizabethview, UT 94813"
5,815,3,2019-12-17,7,73.71,43.92,65.13,Bank Transfer,"3756 Jones Street, Brookefort, MA 04077"
6,496,12,2024-02-05,4,576.88,6.27,84.62,PayPal,"8882 Charles Orchard Apt. 226, Bryantberg, MN 14998"
7,142,6,2023-10-06,6,940.51,27.45,50.29,Cash,"9730 Marie Mount, Mannmouth, WV 74541"
8,249,3,2024-02-24,6,902.03,17.75,54.52,PayPal,"63667 Watts Forks Suite 783, South Catherinechester, CT 02267"
9,76,23,2023-06-13,5,183.62,20.52,2.97,Credit Card,"USS Brooks, FPO AE 94409"
10,763,13,2021-07-30,5,971.68,13.86,66.08,Bank Transfer,"5615 David Cliffs Apt. 050, South Carlos, LA 57088"
11,442,20,2023-07-09,8,883.45,36.5,51.93,Debit Card,"41922 Robert Estates Apt. 666, Hortonside, NY 08956"
12,240,25,2019-11-20,1,528.58,36.27,62.11,Debit Card,"8158 Dan Locks Suite 734, Stephenland, RI 04859"
13,868,12,2021-09-06,6,426.48,12.27,71.35,Bank Transfer,"672 Michael Unions Apt. 046, New Cassandra, NC 26258"
14,651,4,2024-03-13,9,620.31,6.78,55.2,Bank Transfer,"2872 Tyler Harbor Apt. 577, Loweton, IN 04691"
15,216,30,2019-09-30,8,13.01,25.58,83.2,Credit Card,"912 Stokes Field Suite 672, East Angelatown, CT 14821"
16,880,28,2022-07-06,2,506.02,45.68,44.52,Debit Card,"777 Morrison Heights Apt. 733, Danielmouth, HI 48350"
17,356,37,2022-09-02,2,412.85,30.84,46.98,PayPal,"109 Aguilar Lakes Suite 643, Fryeton, UT 48883"
18,18,13,2021-08-06,8,801.8,21.78,1.25,PayPal,"54521 Willis Heights Apt. 419, Heathburgh, AK 04801"
19,138,4,2024-04-12,4,969.61,40.42,75.04,Debit Card,"807 Smith Skyway Apt. 393, Williamsberg, PA 78645"
20,353,23,2021-09-05,4,438.53,13.12,94.18,Cash,"65830 Hartman Villages, Margaretbury, LA 91577"
21,159,7,2019-11-24,1,554.94,40.34,9.24,PayPal,"511 Harper Roads, Josechester, HI 30621"
22,937,23,2020-04-14,5,233.46,10.87,88.09,Credit Card,"213 Williams Pines, South Margaretberg, NV 15953"
23,849,18,2022-09-23,8,597.55,33.78,40.76,Debit Card,"98663 Elizabeth Union Suite 456, Lake Jamesland, MT 98911"
24,674,9,2019-10-07,6,859.83,3.69,28.88,Bank Transfer,"2195 Pace Village Suite 250, North Nancymouth, PA 76766"
25,122,38,2024-03-25,5,782.39,34.35,2.76,Bank Transfer,"6064 Allison Crescent Suite 422, North Brittanymouth, UT 16194"
26,809,8,2022-01-02,6,390.61,3.96,53.05,Debit Card,"USCGC Wood, FPO AA 26821"
27,35,2,2022-06-18,9,218.12,19.8,97.01,Debit Card,"883 Davis Prairie, North Laurafort, NE 42980"
28,468,17,2021-10-16,4,878.79,31.24,49.39,Cash,"14714 Welch Creek Apt. 347, Richardburgh, TX 59106"
29,355,16,2021-12-18,2,689.1,42.03,40.91,Debit Card,"3338 Villa Radial Apt. 591, East Douglasport, AZ 56499"
30,739,49,2021-09-23,2,484.53,8.06,93.34,Cash,"5903 Dawson Dale, Moniquemouth, WI 48987"
31,460,9,2023-10-18,5,70.77,9.29,87.77,Cash,"6687 Jacob Lake Suite 082, Laurafurt, WV 34671"
32,419,34,2019-10-18,3,756.11,45.65,8.57,Cash,"08540 Johnson Loaf Suite 140, Robertsview, OK 84849"
33,549,49,2021-03-26,8,761.46,5.27,86.03,Cash,"46371 Glenn Bridge, Taylorbury, AZ 77837"
34,811,24,2020-09-10,2,997.34,19.75,40.39,Debit Card,"4765 Shannon Neck, North Suzanneside, WV 97680"
35,550,17,2023-10-07,5,66.02,1.83,18.57,Bank Transfer,"13372 Smith Mission, North Thomasberg, MS 18614"
36,306,24,2024-05-21,1,865.27,13.19,34.38,Credit Card,"1211 Jocelyn Divide, Lake Jessica, WI 09479"
37,29,36,2022-03-01,7,899.57,30.82,7.33,PayPal,"900 Tabitha Keys Apt. 456, Deanview, ME 53637"
38,12,41,2022-03-29,8,556.47,34.35,72.63,Debit Card,"489 Jones Groves Apt. 981, Andersonfort, WA 26090"
39,401,14,2023-02-04,3,905.92,22.29,11.04,Credit Card,"Unit 4222 Box 3639, DPO AP 88320"
40,567,15,2022-05-01,5,135.16,15.87,98.34,Credit Card,"873 Melissa Path Apt. 379, East Vincentside, RI 43124"
41,217,46,2019-07-20,8,97.79,33.49,15.75,Cash,"9343 Blair Center, Jonesbury, NM 75986"
42,322,18,2022-02-18,2,690.12,14.59,76.6,Debit Card,"561 Allison Turnpike, Jamesstad, OR 97361"
43,398,31,2021-09-17,4,887.92,47.41,46.91,Credit Card,"812 Nguyen Turnpike Suite 889, Onealmouth, KS 70882"
44,33,43,2022-04-29,9,70.43,41.74,3.23,Cash,"Unit 6070 Box 7825, DPO AP 67347"
45,442,1,2020-10-24,7,751.88,33.04,3.16,Cash,"760 Alan Ridges, Fordmouth, MI 73939"
46,799,39,2023-12-31,6,986.75,9.39,34.05,Bank Transfer,"7377 Torres Hills, New Nathaniel, DE 83007"
47,392,47,2020-04-26,2,431.73,13.13,78.81,PayPal,"32828 Young Mission, New Lorraine, FL 75300"
48,545,5,2023-03-18,3,505.75,49.31,52.69,Bank Transfer,"7702 Orr Shores Suite 173, Rossbury, MN 07948"
49,397,4,2020-07-05,5,103.03,4.44,54.12,Credit Card,"651 Brian Pass Apt. 369, Port Stephanieborough, TX 59498"
50,808,15,2021-10-28,6,282.95,22.58,69.07,Credit Card,"900 Dawn Drive, Rachelside, SC 99488"
51,284,41,2024-04-17,6,751.78,12.43,15.64,Cash,"802 Jeffrey Divide, East Pamela, SD 42913"
52,749,35,2022-04-10,4,122.67,1.09,48.43,Debit Card,"06753 French Centers Suite 532, West Ryanmouth, KS 94019"
53,978,18,2023-10-23,9,101.62,5.68,26.56,Debit Card,"486 Cross Estates Suite 123, Port Ryan, MT 74638"
54,412,49,2023-02-06,9,28.83,31.08,65.72,Bank Transfer,"9617 Michael Plains, Victoriafort, TN 50766"
55,789,8,2021-07-17,2,113.6,41.59,60.96,Cash,"919 Matthew Gateway, Kellybury, NJ 12803"
56,300,45,2023-09-04,9,549.08,10.33,96.91,Debit Card,"6410 Johnson Unions, Lake Audrey, OK 51833"
57,628,8,2022-03-17,2,696.86,34.27,46.28,Credit Card,"6063 Kimberly Fields Suite 828, Shahside, ID 78801"
58,353,40,2021-01-30,2,419.15,11.53,71.67,Cash,"50224 Massey Ridge Suite 667, West Haleyton, NJ 31655"
59,767,23,2022-08-08,7,821.3,3.56,31.62,Debit Card,"533 Nathan Camp, North Taylor, CA 45295"
60,673,43,2020-07-09,5,602.5,15.91,80.24,Cash,"28460 Hernandez Court Apt. 345, South Bradleymouth, CT 62251"
61,869,16,2022-06-16,3,71.3,1.95,95.39,Credit Card,"808 Stark Rapids Suite 640, Amyville, OH 20420"
62,830,14,2023-06-25,1,994.35,49.31,63.4,Bank Transfer,"39363 Lee Hills, East Veronicabury, RI 55745"
63,153,16,2023-08-18,2,507.88,19.33,49.62,Cash,"266 Jessica Neck, New Connor, NY 33213"
64,770,29,2023-07-16,2,939.74,49.12,62.26,Credit Card,"491 John Pike, Whiteland, KY 58562"
65,827,34,2023-08-06,4,292.31,49.34,13.25,Debit Card,"4462 Paula Hollow, Sydneymouth, MI 24787"
66,665,27,2021-05-23,9,628.17,27.7,54.94,Debit Card,"PSC 0418, Box 4892, APO AA 24246"
67,533,34,2019-10-21,1,297.44,26.26,24.31,Credit Card,"40025 Margaret Villages, Port Jenniferchester, VA 31033"
68,566,38,2022-04-02,5,413.0,33.12,3.16,Credit Card,"087 Rollins Turnpike, West Mistyhaven, IA 15788"
69,361,36,2021-04-10,3,165.69,25.06,28.45,Cash,"USCGC Butler, FPO AA 99285"
70,962,15,2020-11-26,7,202.34,8.35,58.14,PayPal,"24751 Ralph Common Apt. 319, West Sherri, KY 40198"
71,237,22,2022-11-07,9,396.88,31.57,32.65,Credit Card,"61675 Valdez Radial, Nathanieltown, IA 42598"
72,539,9,2023-03-28,1,146.4,5.26,91.33,PayPal,"699 Andrew Mills Apt. 693, Kelseyport, NC 31448"
73,416,25,2020-04-12,1,800.79,27.45,52.81,PayPal,"9408 Christian Fort, East Aliciatown, WY 15505"
74,914,16,2021-02-26,5,966.2,22.53,47.86,PayPal,"039 Brown Prairie, New Charles, MS 99189"
75,55,48,2020-12-05,7,129.93,48.89,80.94,PayPal,"933 Maria Squares, Gilbertbury, IA 81945"
76,924,15,2022-09-27,5,600.84,25.43,88.75,Bank Transfer,"049 Ryan Isle, West Cynthiaburgh, NV 95145"
77,750,16,2019-10-13,8,546.42,21.85,38.64,Bank Transfer,"120 Ford Locks, South Heather, CT 28123"
78,35,5,2021-05-31,2,300.8,27.42,1.85,Bank Transfer,"Unit 3577 Box 7744, DPO AA 43340"
79,884,34,2023-05-05,7,259.49,27.01,91.59,Bank Transfer,"USS Richardson, FPO AE 65573"
80,200,38,2022-08-10,5,698.64,16.74,49.54,Bank Transfer,"PSC 4994, Box 6764, APO AA 04417"
81,68,31,2022-07-06,1,689.23,30.18,79.96,Bank Transfer,"83673 Jonathan Courts Apt. 737, West Michael, OR 73422"
82,828,50,2021-03-20,9,810.39,21.23,87.78,PayPal,"9480 Joel Tunnel Suite 269, Lake Jeffery, FL 62769"
83,212,33,2020-07-27,3,223.29,15.23,11.02,PayPal,"USS Sharp, FPO AE 56403"
84,138,27,2023-06-19,8,702.1,40.31,58.76,Bank Transfer,"2255 Jones Spur Apt. 834, Jessicabury, UT 97076"
85,715,8,2021-06-07,7,450.9,16.09,50.95,Debit Card,"254 Rebekah Ramp, Taylorton, WV 32381"
86,93,24,2023-05-05,3,870.93,5.13,62.26,Credit Card,"657 Rhonda Terrace, Lindafort, NY 92771"
87,698,20,2021-04-15,1,946.69,48.54,95.87,Debit Card,"83558 Gomez Ville Apt. 845, Paceview, FL 22071"
88,64,12,2023-09-02,2,178.32,1.66,91.89,Debit Card,"844 Moreno Springs, Lake Sierraport, LA 97480"
89,857,1,2022-09-26,4,847.6,29.34,81.87,Bank Transfer,"2451 Sarah Mountains, Jonathanmouth, LA 43268"
90,619,33,2024-03-13,1,125.24,26.64,57.32,Cash,"414 Brittany Causeway, Coryville, KY 62690"
91,310,29,2020-04-05,3,709.85,32.99,48.2,Cash,"Unit 2689 Box 4613, DPO AE 56824"
92,799,48,2020-12-04,7,445.89,27.95,98.14,Debit Card,"020 Teresa Prairie, North Rebeccaside, IL 25959"
93,728,23,2020-12-23,9,809.91,40.43,2.49,Credit Card,"4867 Nicholas Ridge Apt. 106, Chrisborough, WV 17204"
94,855,48,2019-09-20,5,543.46,30.56,30.37,Debit Card,"6443 Mendoza Junctions Suite 913, South John, MD 21966"
95,731,19,2019-09-08,4,341.09,25.74,84.06,Debit Card,"451 Whitehead Bypass Suite 545, Luishaven, AK 66972"
96,320,22,2020-07-24,4,41.75,10.41,44.11,PayPal,"740 Laura Field Suite 057, East Laura, OH 02281"
97,856,42,2022-04-20,9,21.37,29.55,53.68,Credit Card,"867 Jones Spurs Suite 035, Michaelbury, IL 74115"
98,484,39,2019-07-01,6,383.84,16.28,58.71,Bank Transfer,"789 Velez Prairie, South Jasonfort, NE 31848"
99,620,9,2020-11-09,9,404.68,13.18,29.22,PayPal,"0449 Mary Courts Apt. 220, Jaybury, ND 13000"
100,437,44,2019-06-27,4,342.84,4.33,4.9,Credit Card,"6659 Vang Port Apt. 415, South Tony, ID 37263"
101,864,41,2021-05-14,4,191.96,6.78,78.8,Credit Card,"623 Thomas Rapids Apt. 219, Spencerfurt, MA 06690"
102,720,38,2020-10-15,8,436.97,0.1,75.86,Bank Transfer,"659 Steven Overpass Suite 939, Smithshire, WA 07851"
103,102,42,2020-07-29,2,758.13,47.89,2.16,Debit Card,"002 Amanda Courts, Franklintown, PA 35202"
104,395,6,2021-05-16,9,61.01,24.21,92.73,Credit Card,"91112 Crystal Shores, Thomaston, ID 22777"
105,556,4,2024-01-17,3,148.45,6.62,34.33,Cash,"868 Jessica Springs, Ramirezbury, NH 24085"
106,820,37,2021-10-05,9,734.56,17.36,15.95,Debit Card,"016 Harris Springs, New Johnburgh, CO 87680"
107,700,16,2022-11-14,7,551.09,3.91,75.07,Credit Card,"761 Graves Vista Apt. 274, Lake Eddieshire, DC 71513"
108,454,29,2023-04-23,2,200.1,13.95,63.63,Bank Transfer,"63372 Wheeler Club, North Charles, HI 90045"
109,927,3,2020-09-18,4,133.59,49.86,58.4,PayPal,"700 Devon Drives Apt. 207, South Kimberlymouth, WV 95789"
110,512,20,2024-03-04,5,932.98,44.75,87.17,Debit Card,"53512 Julie Highway, West Alexander, IA 24848"
111,491,24,2023-03-03,6,585.73,25.67,92.99,Debit Card,"1081 Christopher Unions, North Edwin, DE 81422"
112,247,4,2023-02-06,2,14.5,41.55,41.09,Credit Card,"2812 Jacob Isle Apt. 444, Kingberg, WA 08299"
113,433,15,2019-07-16,4,959.61,11.75,42.83,Debit Card,"925 Gregory Spur, Port Amy, WV 24918"
114,225,29,2023-10-14,5,253.21,20.17,98.78,Bank Transfer,"49469 Rice Station Suite 134, Coopershire, MT 41913"
115,592,17,2022-05-18,2,354.73,38.09,54.15,Cash,"4261 Hayes Road Apt. 616, South Joshuastad, RI 55755"
116,269,5,2022-10-05,5,501.37,14.92,60.82,Credit Card,"USNS Gonzales, FPO AE 85985"
117,130,3,2020-04-11,6,583.91,46.23,88.9,Bank Transfer,"17492 Scott Estates Apt. 717, Freemanton, LA 62876"
118,540,40,2021-03-19,6,309.0,22.5,74.14,Cash,"65205 Kimberly Vista Apt. 019, Lisaton, OH 47115"
119,514,26,2022-03-29,7,322.22,49.61,95.27,PayPal,"70697 Donald Lock Apt. 398, East Randyberg, OH 74793"
120,424,38,2020-07-19,4,168.39,36.71,64.0,Cash,"PSC 8701, Box 2663, APO AP 20366"
121,988,18,2022-08-23,8,696.89,22.99,86.29,PayPal,"492 Welch Fall, East Michael, GA 38985"
122,698,29,2021-11-30,4,601.42,39.02,20.98,Cash,"754 Chelsea Summit Suite 635, Aliciafort, LA 69014"
123,952,25,2023-10-06,3,955.3,46.48,33.32,Cash,"64334 Anderson Cove, Wheelerchester, AZ 15864"
124,282,43,2022-12-04,2,392.6,29.82,38.37,PayPal,"7259 Brittany Squares Suite 343, Burtonfurt, CT 52625"
125,360,47,2023-11-19,1,587.1,12.89,96.41,Debit Card,"214 Weaver Plaza, Jenkinsmouth, FL 91719"
126,92,24,2022-10-07,6,277.83,25.25,18.27,Bank Transfer,"PSC 7213, Box 7461, APO AP 03186"
127,767,28,2022-05-11,1,315.07,27.6,52.0,Credit Card,"66722 Austin Islands, Troyhaven, MA 78287"
128,5,42,2021-03-23,6,220.04,4.33,68.0,Credit Card,"4693 Carrie Turnpike Apt. 286, Claymouth, WV 72437"
129,961,26,2023-07-17,3,823.36,35.02,60.52,Bank Transfer,"08220 Diane Summit, South Brandon, NV 44911"
130,377,21,2022-11-16,1,622.37,33.56,78.78,Cash,"97542 Becker Walks, West Jessicaburgh, NM 89185"
131,155,40,2023-10-27,5,406.24,32.56,89.06,Cash,"0380 Cynthia Wells Suite 002, New Erikburgh, FL 45900"
132,287,9,2023-07-25,2,688.41,3.99,87.46,Bank Transfer,"046 Clark Vista, Tylershire, OR 99618"
133,181,32,2024-05-12,6,245.75,6.93,91.16,Debit Card,"4757 Sullivan Plains, Lake Tinaburgh, WV 22801"
134,531,33,2023-02-07,3,976.86,5.77,47.55,Cash,"13021 Petersen Stravenue Apt. 490, Lake Stevenbury, MT 73617"
135,495,12,2023-02-07,6,181.49,23.31,23.67,Bank Transfer,"89799 Barnes Throughway, Jaclynbury, IA 46031"
136,118,14,2019-06-21,5,357.1,13.96,39.81,PayPal,"410 Tom Shoals Apt. 457, North Alexistown, MT 49618"
137,468,29,2019-11-24,9,323.78,7.53,96.66,Bank Transfer,"677 Walter Neck, Annbury, HI 32598"
138,743,50,2022-10-07,8,776.22,45.95,87.18,Debit Card,"84424 Mitchell Spring Suite 350, Leeport, WV 24066"
139,847,35,2020-01-04,9,79.77,12.6,18.68,PayPal,"USS Morgan, FPO AE 28526"
140,266,10,2020-07-01,9,724.85,11.46,38.39,PayPal,"USCGC Turner, FPO AA 58982"
141,114,36,2022-10-05,1,952.4,41.97,29.82,PayPal,"3737 Perry Crossing, New Eric, AR 23043"
142,191,23,2020-10-27,2,121.91,35.69,9.78,Bank Transfer,"623 Jasmine Land Suite 145, New Samantha, SC 43085"
143,575,4,2020-06-04,5,888.2,25.72,59.13,Bank Transfer,"7271 Keller Oval Suite 421, Mitchelltown, IA 29854"
144,132,34,2023-02-10,3,207.13,14.41,38.94,Debit Card,"3772 Alexander Via, East Michaelhaven, DE 65611"
145,131,17,2019-12-24,5,877.04,22.32,13.12,Cash,"26606 Jennifer Plaza, West Calebland, TX 63704"
146,778,28,2020-05-08,4,588.35,20.78,89.4,Debit Card,"716 Burton Stravenue Suite 832, North Alicefort, IN 47631"
147,1000,32,2022-02-22,1,773.19,6.56,10.47,PayPal,"651 Kayla Stream, Loriside, AL 74970"
148,491,37,2021-07-03,3,807.85,22.9,71.27,PayPal,"79514 Jill Walks, Johnshire, MO 40409"
149,237,43,2021-09-25,5,632.05,30.31,70.77,Cash,"11309 Evans Knoll Suite 363, East James, MN 78546"
150,435,19,2023-10-05,7,337.25,21.99,26.16,Debit Card,"5276 Bell Expressway, Port Billy, IN 85424"
151,506,19,2020-09-07,3,363.44,46.4,28.23,Credit Card,"43906 Jones Freeway, New Vincentport, IL 83586"
152,257,42,2022-05-05,4,88.8,8.59,10.31,PayPal,"36516 John Ridges Apt. 661, Stevenmouth, MN 87201"
153,826,25,2024-03-11,8,403.4,25.53,90.33,Bank Transfer,"28439 Smith Village Suite 438, Rodriguezmouth, KS 57566"
154,299,18,2024-01-29,1,823.64,26.39,21.41,Cash,"PSC 8483, Box 7179, APO AA 98892"
155,443,15,2022-06-25,8,498.82,45.15,65.23,Debit Card,"010 Sharon Circle, West Mason, NH 34549"
156,1,21,2020-05-22,5,617.91,2.31,86.53,Debit Card,"PSC 3484, Box 8517, APO AE 38566"
157,939,13,2020-03-06,4,896.04,36.74,14.12,Debit Card,"56115 Gomez Locks Apt. 551, Abigailmouth, NV 77841"
158,404,2,2023-12-10,4,244.34,49.1,65.84,Credit Card,"Unit 3180 Box 0272, DPO AP 82917"
159,790,15,2020-06-26,9,131.69,37.4,29.88,Bank Transfer,"57315 Martinez Expressway Apt. 094, North Benjamin, SD 87982"
160,935,34,2022-06-01,6,733.87,30.92,40.68,PayPal,"50205 Ann Expressway Suite 983, Russellstad, NH 96123"
161,162,44,2024-02-15,1,526.6,34.36,90.61,Credit Card,"1639 James Loop Apt. 958, Kennethhaven, ME 76664"
162,841,24,2023-03-09,7,28.61,14.26,16.09,Credit Card,"81815 Thomas Gardens Suite 397, Nicolechester, KY 41077"
163,378,49,2023-07-30,2,263.58,4.51,37.79,Credit Card,"91673 Johnson Fork Apt. 032, Lake Charlesshire, CT 32955"
164,175,16,2021-02-23,9,829.66,22.39,67.51,PayPal,"63285 Travis Mountain Apt. 496, Lake Thomas, FL 42745"
165,210,48,2021-11-09,5,537.6,25.74,8.77,Bank Transfer,"30844 Jennifer River, Chavezmouth, IA 01563"
166,51,39,2019-10-10,2,902.14,45.62,91.21,Bank Transfer,"PSC 0729, Box 6020, APO AE 22045"
167,750,9,2023-11-10,3,414.68,16.44,63.67,Cash,"93769 Matthew Throughway Apt. 000, East Benjamin, KS 35031"
168,768,28,2022-07-14,6,704.28,32.85,77.6,PayPal,"51263 Murillo Island Apt. 755, West Jacquelinehaven, IL 82133"
169,425,31,2019-11-06,6,968.57,19.54,4.92,Credit Card,"USNV Brown, FPO AP 29441"
170,146,7,2023-07-31,1,492.22,28.05,68.9,Credit Card,"PSC 0873, Box 4035, APO AE 93679"
171,890,31,2020-12-13,5,95.22,42.27,74.93,Bank Transfer,"0263 Ryan Ranch Apt. 788, Ashleyport, OR 28764"
172,627,17,2020-05-09,3,883.76,28.26,54.27,Bank Transfer,"8009 Kenneth Heights Apt. 637, Port Cheryl, SC 83178"
173,427,46,2021-09-02,3,173.32,4.81,5.52,Bank Transfer,"USS Woods, FPO AE 10495"
174,28,47,2023-09-29,1,87.77,24.52,92.81,Credit Card,"58483 Anthony Oval, Herreraburgh, UT 80060"
175,502,45,2023-01-31,3,557.1,44.64,73.98,Debit Card,"459 Meghan Hollow Suite 673, Matthewfort, DC 57899"
176,423,3,2021-03-22,5,515.16,8.68,72.17,Bank Transfer,"3166 Chen Alley, West Trevor, FL 59261"
177,137,41,2022-03-12,5,741.95,18.14,49.78,Bank Transfer,"45255 Natalie Hills Suite 135, Lake Wendyview, NV 87274"
178,522,38,2023-09-24,2,124.86,4.62,78.89,Bank Transfer,"6480 Thomas Ford Suite 873, West April, FL 86433"
179,903,42,2023-01-26,6,968.11,0.77,31.61,Credit Card,"06756 Todd Courts Apt. 504, Port Andrew, AK 10699"
180,25,34,2020-11-26,3,299.99,31.96,34.17,PayPal,"92411 Reed Spurs Apt. 704, Jeffreyburgh, UT 98726"
181,310,35,2022-11-29,1,612.16,3.11,8.94,Cash,"83456 Samantha Expressway Suite 828, Lake Victoria, IA 46215"
182,764,35,2023-12-20,1,737.56,4.34,82.83,Debit Card,"4108 James Flat, Wuport, DE 23630"
183,619,21,2020-06-15,1,331.28,28.23,12.79,Cash,"1333 Lopez Mall Suite 721, Elizabethborough, OK 54230"
184,122,10,2020-05-28,8,605.14,49.89,1.49,PayPal,"94869 Middleton Rue Apt. 552, Brianbury, ID 14283"
185,18,50,2024-05-03,9,46.61,30.26,80.8,Cash,"Unit 3913 Box 9497, DPO AE 16977"
186,840,22,2022-09-03,1,921.95,44.8,93.73,Debit Card,"80551 Joseph Square, South Kyle, AZ 93326"
187,347,26,2021-05-14,4,48.17,35.77,26.2,Debit Card,"93212 Duane Fields Suite 065, South Nicole, IN 51110"
188,117,30,2020-08-06,9,176.42,31.79,41.4,Debit Card,"84928 James Viaduct, Desireeburgh, RI 84908"
189,308,41,2022-06-27,7,407.08,37.0,63.11,Bank Transfer,"3182 Moore Groves Apt. 901, Bradstad, NE 27613"
190,175,47,2022-09-10,9,894.43,47.48,40.14,Cash,"7087 Tammy Trace, Jenniferview, MD 25960"
191,498,43,2022-07-21,8,288.14,24.17,19.97,Debit Card,"256 Adams Mount Suite 743, Weberbury, OH 53504"
192,310,18,2022-09-11,8,866.42,44.29,81.27,Cash,"3048 Luke Mill, Lake Annbury, OR 02546"
193,21,48,2019-07-23,4,484.75,49.76,43.22,Debit Card,"478 Pierce Heights Apt. 102, North Tracy, UT 73528"
194,693,40,2024-04-21,5,263.83,6.72,46.61,Credit Card,"7298 Cindy Cliff, Johnsonhaven, VA 88847"
195,515,7,2023-04-15,5,628.12,27.84,5.56,Bank Transfer,"394 Patton Island, Watsontown, NV 66364"
196,976,39,2019-12-16,1,915.1,23.73,88.5,Bank Transfer,"3642 Rodriguez Prairie, Cameronville, GA 81722"
197,730,27,2022-10-24,6,428.57,6.7,25.64,Credit Card,"PSC 1953, Box 7262, APO AP 91013"
198,320,42,2020-08-25,6,643.02,42.48,7.78,Credit Card,"1119 Wendy Harbor, Ronaldfort, NV 13913"
199,642,5,2022-07-18,5,388.36,36.78,85.68,Bank Transfer,"08765 Ramirez Parks, Port Jason, NV 73995"
200,266,36,2023-04-05,5,110.82,26.2,13.61,Credit Card,"598 Robert Mount, Julieton, TN 66439"
201,974,13,2020-04-08,8,447.86,40.3,37.46,Bank Transfer,"202 Christensen Hill Apt. 542, Arroyohaven, CO 42064"
202,311,43,2023-11-09,2,681.2,32.47,84.62,Bank Transfer,"80339 Lynch Valley, Terrytown, ID 77098"
203,681,26,2023-11-23,1,80.19,9.68,86.82,Debit Card,"732 Christian Lights, Reedburgh, CO 43596"
204,392,8,2023-09-29,7,732.33,10.99,2.57,Cash,"93322 Patricia Haven Apt. 582, Jamesfort, NJ 66878"
205,394,36,2024-02-23,9,700.79,24.24,75.64,Bank Transfer,"4770 Brewer Lakes, South Kristenbury, OK 47502"
206,743,28,2023-06-13,3,530.71,35.92,44.82,PayPal,"Unit 7626 Box 7721, DPO AA 11007"
207,622,23,2022-09-29,6,289.83,8.57,27.74,Debit Card,"338 Tran Squares Suite 060, South Zachary, TN 46482"
208,479,27,2023-01-14,5,979.65,14.22,11.55,Bank Transfer,"582 Amy Ranch Apt. 361, East Stacybury, GA 09555"
209,977,17,2022-11-05,2,465.03,30.48,89.85,Cash,"198 Preston Grove Suite 025, Kimmouth, IA 16815"
210,952,36,2024-05-06,9,209.36,45.45,40.08,Bank Transfer,"USNV Morales, FPO AP 65078"
211,780,35,2022-05-12,5,340.55,34.41,32.3,Cash,"306 Jones Grove Suite 550, South Ericton, RI 91139"
212,615,33,2019-11-29,5,850.21,4.78,28.62,Bank Transfer,"3786 Kristy Mews, Wheelerport, MD 35546"
213,219,16,2022-01-07,1,117.97,16.29,56.91,PayPal,"0947 Hughes Lodge Apt. 318, Harrellbury, OK 17397"
214,824,21,2020-12-25,7,920.74,2.44,63.1,Debit Card,"Unit 9912 Box 6736, DPO AP 84459"
215,343,49,2021-10-13,2,695.61,36.11,52.52,Credit Card,"997 Chambers Island, Port Wendy, KS 93010"
216,898,49,2024-03-12,4,584.32,3.34,26.08,Cash,"930 Young Motorway Suite 062, Kevinborough, AZ 23976"
217,348,39,2022-11-11,4,906.35,37.33,19.93,Credit Card,"USS Kelly, FPO AP 28861"
218,937,35,2022-10-19,5,472.92,42.04,76.09,Bank Transfer,"2702 Robert Mount Suite 949, Grantburgh, NJ 61207"
219,818,19,2019-10-06,6,319.92,20.53,91.45,Credit Card,"7736 Adams Brooks Suite 497, Port Chad, ID 45165"
220,584,50,2022-08-28,1,229.8,35.28,56.16,PayPal,"85085 Terri Isle Apt. 023, West Christopherton, OH 42095"
221,42,20,2024-05-09,6,664.39,22.04,23.66,Cash,"81325 Nicole Port Apt. 107, Danielleshire, VT 92032"
222,591,48,2023-09-23,1,85.27,26.25,65.9,Credit Card,"32824 Stacey Squares, Kyleborough, MN 40608"
223,546,41,2020-09-17,3,99.46,27.87,4.53,Cash,"Unit 6249 Box 5344, DPO AE 42797"
224,189,1,2019-06-14,2,394.56,18.63,95.82,Debit Card,"8960 Rodgers Mill, South Alanchester, IL 85713"
225,936,43,2021-02-21,1,153.97,22.71,40.65,PayPal,"34548 Joshua Circle Suite 512, Esparzahaven, AZ 19944"
226,519,42,2020-05-04,9,874.16,49.54,72.9,Bank Transfer,"561 Sarah Corner Suite 675, Henryview, TX 40670"
227,792,16,2021-10-12,2,751.1,47.88,96.86,Cash,"4307 Hines Park Suite 855, Lake Jamie, FL 33380"
228,253,2,2023-07-31,4,650.3,16.9,13.47,Bank Transfer,"225 Matthew Rapids Suite 714, Torresfurt, WI 97050"
229,147,40,2022-03-22,7,168.32,49.93,2.66,Bank Transfer,"USS Walker, FPO AP 11191"
230,322,22,2024-05-21,4,709.31,7.16,66.37,Debit Card,"21960 Jackson Turnpike, Hernandezport, NM 61904"
231,430,28,2022-06-02,1,267.37,4.56,6.91,Cash,"74855 Denise Square, Reneechester, OH 22766"
232,323,37,2023-08-31,7,398.92,2.57,46.13,Bank Transfer,"4004 Julie Brooks Suite 812, West Anna, NJ 67805"
233,935,42,2020-08-12,9,75.08,23.75,56.61,PayPal,"85729 Martinez Ville Apt. 974, Michaelborough, HI 11240"
234,153,46,2024-02-27,3,241.76,25.18,5.12,PayPal,"0303 Tony Fields, North Morganmouth, MO 57243"
235,515,36,2021-08-02,1,255.01,7.71,77.44,PayPal,"8535 Chelsea Shore Suite 345, Melissaview, AK 25499"
236,190,50,2020-07-28,7,106.71,9.94,85.02,PayPal,"7644 Cynthia Turnpike Suite 478, Walterbury, KY 07869"
237,208,6,2024-01-18,2,50.45,15.62,74.37,PayPal,"113 Donna Ridge Apt. 523, Laurachester, MI 09705"
238,569,7,2022-11-17,5,177.49,46.58,90.44,Debit Card,"971 Martin Crossing Suite 165, Riveramouth, CT 26217"
239,119,24,2020-04-19,4,695.69,48.41,28.17,Credit Card,"55686 Ronald Locks, North Heather, FL 23733"
240,508,20,2023-12-14,3,685.09,37.83,73.58,Debit Card,"650 Benjamin Flat, North Tonyfurt, IA 77144"
241,769,24,2021-10-02,8,17.6,46.0,46.41,Cash,"9402 Molly Ferry Suite 230, South Jakeside, WI 96732"
242,566,38,2021-07-10,6,223.63,10.5,55.31,PayPal,"878 Thomas Points Apt. 130, Heidiside, IA 06121"
243,428,50,2021-06-15,7,173.63,42.93,71.7,Debit Card,"42320 Richardson Prairie, Smithburgh, AZ 57536"
244,877,50,2024-06-04,4,883.47,3.07,1.22,Debit Card,"USCGC Murray, FPO AP 62823"
245,960,33,2020-05-24,1,136.55,29.32,58.21,Credit Card,"59598 Bowman Row, Lake Richardtown, WY 11909"
246,612,17,2021-08-21,9,899.7,36.19,78.63,Bank Transfer,"019 Ortega Loaf, Donnafort, UT 23603"
247,19,31,2024-03-06,5,718.16,24.14,63.1,Cash,"8293 Kyle Wells Apt. 986, Port Daniel, LA 06046"
248,139,41,2021-03-07,3,823.01,25.14,50.19,Credit Card,"1689 Welch Locks Suite 693, South Danielton, WY 48918"
249,927,20,2021-10-23,3,31.77,30.51,11.93,Bank Transfer,"653 Rivers Locks Suite 942, Normanview, IN 63759"
250,419,7,2022-09-05,4,871.67,38.57,67.16,Bank Transfer,"3754 Melissa Lodge, Rosalesborough, MD 00975"
251,464,50,2022-01-28,5,618.55,15.28,85.26,Debit Card,"USS Roth, FPO AP 30177"
252,156,48,2023-04-14,9,963.12,5.07,80.94,Cash,"67865 Nancy Knolls, Lewisview, TN 53487"
253,752,4,2023-04-09,9,289.5,27.4,45.26,Bank Transfer,"67815 Fry Harbor, Shannonburgh, KS 08753"
254,383,33,2021-04-03,9,29.25,26.43,86.95,Cash,"2830 Warren Knoll, Wandafort, RI 24385"
255,866,49,2021-09-04,4,931.07,32.7,32.49,Bank Transfer,"133 Curtis Place Apt. 622, Jamesshire, DE 55490"
256,656,11,2019-07-02,9,115.3,10.17,8.87,Cash,"56048 Craig Club, Lake James, VA 57266"
257,25,18,2023-07-11,6,16.71,2.41,65.19,Debit Card,"665 Charles Key, Lake Barbara, IN 38160"
258,875,1,2020-01-04,1,261.31,42.58,77.26,Debit Card,"4684 Sheila Via Apt. 794, Lake Kathleen, RI 89267"
259,534,11,2022-08-20,9,258.52,31.4,68.61,PayPal,"Unit 5893 Box 7236, DPO AA 75063"
260,360,14,2023-03-17,8,168.39,32.25,30.06,Debit Card,"74408 Dunn Stravenue, Davisfurt, TX 95149"
261,794,8,2023-01-27,4,113.68,5.14,4.11,Bank Transfer,"873 Nancy Ramp Apt. 243, Calvinmouth, CT 42305"
262,87,23,2022-04-25,3,541.14,32.25,2.58,Debit Card,"15517 Kimberly Island, South Julietown, CO 01602"
263,839,47,2021-09-25,4,772.59,6.2,10.03,Credit Card,"79778 Desiree Stream, East Jennifer, SD 56438"
264,38,17,2019-07-15,9,594.97,28.75,73.49,Cash,"883 Keith Station, Stephaniechester, SD 80654"
265,407,26,2020-12-19,7,77.95,33.12,68.41,PayPal,"2661 Rodney Throughway Apt. 842, East Edwardside, MA 31105"
266,443,50,2022-12-29,6,665.72,0.4,73.88,Bank Transfer,"086 Angelica Harbors Suite 420, South Valerie, IL 55360"
267,42,5,2022-11-07,8,693.86,43.06,63.98,Bank Transfer,"171 Elaine Orchard, Shellyside, AL 54319"
268,64,47,2020-02-25,9,829.64,45.72,59.02,Bank Transfer,"328 Christopher Estate Apt. 612, West Jayberg, DC 72452"
269,911,7,2020-01-30,5,668.24,0.82,55.2,Debit Card,"05124 Martinez Plain Suite 722, Jacksonburgh, PA 83718"
270,630,44,2019-09-04,4,329.83,29.3,93.14,PayPal,"89830 Green Forks, Matthewport, CA 08405"
271,361,11,2020-11-21,3,579.16,3.84,16.38,PayPal,"363 Janet Burg Apt. 175, New James, TX 20392"
272,889,8,2023-06-02,5,715.37,48.56,74.95,Credit Card,"050 Carolyn Burgs Apt. 603, South Andrew, MA 32082"
273,72,21,2022-02-26,3,342.51,5.32,23.24,Cash,"11299 Young Overpass Suite 931, Mcguirefurt, MS 34174"
274,703,20,2022-09-05,2,934.42,23.96,33.49,Debit Card,"68541 Gabriel Ports, Johnstad, WA 41409"
275,316,25,2020-10-06,3,300.16,28.72,26.0,Cash,"7572 Robert Ridge, East Anna, AR 54407"
276,256,29,2021-05-14,7,646.57,6.43,56.99,PayPal,"821 Jeremy Mission, Laurenton, AK 73378"
277,616,2,2021-06-14,2,872.36,49.83,69.83,Bank Transfer,"797 Mack Lock Apt. 169, Scottland, MT 18915"
278,752,36,2021-02-05,3,242.17,25.15,96.71,Cash,"619 Andrew Spur Suite 203, Proctormouth, GA 27253"
279,100,7,2021-02-18,6,680.24,8.34,21.34,Cash,"99850 Lisa Inlet, Wallacetown, FL 59127"
280,128,37,2021-05-15,5,359.32,12.74,27.62,Credit Card,"3237 Williams Fields Suite 196, Kellibury, KY 10304"
281,928,21,2023-06-22,2,363.26,1.21,59.37,Bank Transfer,"PSC 7958, Box 1811, APO AE 90492"
282,805,31,2019-11-21,7,543.62,16.95,29.42,Credit Card,"65869 Craig Springs Apt. 846, Jillville, NJ 71979"
283,555,16,2021-12-03,5,233.54,46.88,53.05,PayPal,"8672 Holt Vista, Lake Zacharyhaven, MO 80714"
284,298,27,2020-01-17,7,390.91,38.25,29.24,PayPal,"4100 Pruitt Roads, Ericabury, MS 99071"
285,805,24,2019-07-30,3,772.12,29.3,76.44,Bank Transfer,"61976 Valerie Manors, Jennyside, AL 83250"
286,80,20,2023-03-18,4,246.11,3.76,21.34,Cash,"5402 Hines Shoal Apt. 704, Lorichester, MN 98140"
287,398,5,2019-09-01,9,658.32,18.83,9.99,Debit Card,"7675 Knox Lake, Josephport, LA 98688"
288,874,29,2022-04-25,2,201.6,37.38,26.24,PayPal,"USNV Marks, FPO AP 78740"
289,143,12,2021-06-12,1,224.63,48.82,62.78,Cash,"72616 Jeffery Road, Port Lucas, NH 98323"
290,27,48,2023-05-21,6,564.25,48.25,70.22,Credit Card,"498 Karen Wells Suite 856, Port Brianburgh, NE 55438"
291,92,5,2020-02-02,3,835.67,6.43,93.89,Bank Transfer,"9743 Nicole Parks Apt. 698, New Crystalside, IL 97859"
292,65,32,2023-02-09,9,302.14,38.84,32.91,Bank Transfer,"9202 Scott Via, South Isaacberg, ME 43630"
293,238,16,2020-10-08,7,828.18,22.54,93.05,Credit Card,"73214 Kelly Street, Kelleybury, ME 39070"
294,274,11,2019-07-08,4,861.14,34.77,15.36,Credit Card,"652 Robert Place, Reyeshaven, AZ 50948"
295,538,20,2022-11-19,8,665.61,42.71,71.55,Cash,"911 Nicole Views, Andrewberg, MD 25478"
296,170,48,2020-08-03,1,895.61,48.15,85.57,Debit Card,"768 Diana Falls Apt. 574, Carterbury, AR 01441"
297,438,14,2022-08-18,2,48.76,40.3,56.78,Credit Card,"79589 Reyes Junction Apt. 590, Paulborough, NH 30536"
298,542,20,2021-08-22,1,139.24,42.49,81.73,Cash,"035 Barbara Mountain Suite 514, Russellchester, AZ 46704"
299,263,38,2021-11-05,2,313.72,20.92,52.97,Credit Card,"5539 Jonathan Cape Suite 730, Port Stevenstad, VA 89382"
300,782,46,2023-08-09,4,610.8,46.73,5.77,PayPal,"0914 Clayton Mission, South Crystal, CT 43167"
301,739,25,2022-09-28,2,277.58,49.1,68.13,Credit Card,"7514 Ware Village, New Christopherbury, ID 32066"
302,922,14,2023-12-17,4,558.87,9.88,68.51,PayPal,"21790 Reynolds Gardens Apt. 798, North Rodney, CA 76872"
303,581,11,2023-01-19,7,989.45,47.6,21.64,PayPal,"760 Morgan Squares Suite 014, Kathrynport, WV 45394"
304,848,48,2022-12-19,3,578.68,36.07,84.26,Bank Transfer,"USS Hernandez, FPO AE 46303"
305,828,21,2021-05-05,2,444.91,8.77,53.43,Credit Card,"65331 Oconnor Glen Suite 349, New Sean, TX 34193"
306,969,41,2022-07-01,2,357.87,21.12,64.15,Cash,"838 Tammy Pike, East Shawnton, NM 43609"
307,952,49,2024-05-21,7,524.91,23.74,41.77,PayPal,"300 Andrew Haven, Lake Masonmouth, NV 45569"
308,121,13,2024-04-07,5,629.2,33.27,56.53,Debit Card,"680 Davis Glen Suite 185, West Alexanderville, SC 73199"
309,1000,39,2020-03-11,5,980.74,46.1,46.58,PayPal,"8014 Hunter Ranch, Kevinport, SD 46633"
310,209,43,2022-07-30,8,710.65,16.03,5.49,PayPal,"Unit 2211 Box 2959, DPO AA 19304"
311,79,25,2022-11-21,2,680.59,43.79,58.41,Bank Transfer,"83982 Hobbs Trafficway Apt. 228, West Eric, GA 85867"
312,31,44,2019-08-19,9,422.1,25.91,96.32,PayPal,"42054 Powell Inlet Apt. 014, Alexandermouth, KY 07206"
313,548,34,2023-07-11,8,966.4,42.82,34.84,Bank Transfer,"865 Horne Ferry, Kochhaven, NC 56344"
314,406,30,2019-12-30,2,767.62,34.68,98.6,Bank Transfer,"93311 Amanda Squares, Port Felicia, VT 00568"
315,670,17,2024-05-16,2,67.67,39.77,27.76,Bank Transfer,"028 Taylor Meadow Apt. 372, South Bruce, KS 88586"
316,714,50,2022-11-04,7,865.87,26.69,53.54,Cash,"592 Lori Estates Apt. 243, Hernandezview, NE 53441"
317,239,5,2020-07-27,1,301.47,49.81,69.79,PayPal,"1848 Catherine Causeway Apt. 039, West Joshuaton, MS 75096"
318,219,27,2023-09-16,8,638.16,20.27,72.71,Bank Transfer,"PSC 3337, Box 7997, APO AA 22356"
319,907,26,2020-05-24,2,752.53,1.26,64.14,PayPal,"7301 Adams Ferry, North Ashley, FL 15839"
320,766,40,2024-04-20,7,761.88,30.93,85.27,Credit Card,"94146 Smith Shoal, Davisside, AK 85466"
321,838,16,2021-01-07,4,98.17,43.95,62.38,Cash,"98411 Morgan Spring, Port Jason, MT 83929"
322,629,38,2021-12-25,9,474.47,3.54,32.75,Credit Card,"194 Bryant Junctions, Joyceton, CO 74135"
323,573,9,2019-08-17,7,437.32,23.7,95.28,Cash,"920 Christine Path Apt. 464, Lake Jeanne, MN 14931"
324,336,48,2021-12-26,1,47.47,37.16,28.54,Debit Card,"593 Murray Throughway, South Autumn, CO 70748"
325,761,39,2021-05-15,6,824.7,36.63,4.35,Cash,"57441 Park Highway, South Christopher, NY 28108"
326,198,45,2021-01-06,4,958.94,1.98,65.7,Bank Transfer,"7663 Chris Lakes Apt. 155, North Jeffrey, CT 25524"
327,135,38,2022-04-20,8,740.41,39.95,61.57,Cash,"779 Gomez Ranch, Oscarview, KS 62242"
328,227,28,2021-05-30,7,734.86,36.67,92.41,Credit Card,"840 Roberts Cliff, Bowenview, MN 59041"
329,115,24,2019-07-24,7,635.95,41.38,20.15,Cash,"99963 Cody Burg, Parksshire, IA 87584"
330,491,47,2024-04-23,1,431.3,30.91,54.1,Debit Card,"0222 Kathryn Walk, East Barbara, WY 27044"
331,846,35,2022-03-28,1,425.43,37.86,29.16,PayPal,"04181 Nicholas Divide Apt. 370, Rossview, WV 73521"
332,414,26,2021-12-16,8,554.51,17.54,37.39,Cash,"Unit 0029 Box 2924, DPO AA 34842"
333,459,35,2022-10-30,2,426.73,31.53,74.56,PayPal,"1035 Mary Village Apt. 012, Lauraside, SD 32438"
334,445,29,2023-05-23,2,985.6,38.32,45.53,Cash,"6201 Jerry Walk Apt. 779, Port Gavinstad, MN 26624"
335,251,30,2022-11-26,7,30.39,16.76,75.3,PayPal,"55842 Ellison Canyon, Brookeshire, CA 12015"
336,823,39,2020-09-10,1,500.29,12.31,16.29,Debit Card,"1110 Ruiz Corner Apt. 267, Pennybury, AZ 74917"
337,699,15,2019-10-23,5,198.77,11.66,10.65,Credit Card,"947 Jennifer Harbors, North Vanessaburgh, WA 06843"
338,449,13,2021-02-09,2,864.6,15.54,61.2,Credit Card,"5226 Robert Way Apt. 904, Williamsport, IA 50868"
339,563,2,2022-08-05,4,772.83,7.67,43.16,Cash,"91171 Norman Ville, Lake Sandra, CO 62948"
340,814,38,2023-12-08,9,295.93,45.65,18.55,PayPal,"5020 Erica Views, Cruzton, AK 97209"
341,888,16,2023-04-09,1,392.01,12.73,1.57,PayPal,"19538 Kelly Road, East Joshuaport, IA 29321"
342,952,6,2022-03-09,2,885.9,7.24,36.23,Credit Card,"51131 Edgar Forks, Port Vincent, CT 52489"
343,797,23,2019-07-06,4,738.05,19.8,40.35,Bank Transfer,"52296 Daniel Flat, Tanyaburgh, NJ 21224"
344,251,31,2022-07-25,8,22.26,5.51,16.39,Credit Card,"631 Everett Squares, Gregoryside, KY 74698"
345,684,26,2022-12-21,5,809.9,47.28,55.8,Bank Transfer,"646 Macias Locks, Port Tiffany, IL 05833"
346,652,20,2023-05-09,8,902.93,40.88,40.05,Credit Card,"USNV Kim, FPO AA 58190"
347,804,18,2019-11-16,2,509.46,20.24,78.32,Credit Card,"47830 Huber Lodge Suite 798, Kelseymouth, NY 27746"
348,1000,8,2020-10-10,1,16.37,40.44,53.19,Debit Card,"973 Shaw Underpass Suite 841, Bartonfurt, MS 53745"
349,777,36,2023-03-12,7,914.76,36.1,64.01,Cash,"1082 Wilkins Inlet, Parkland, OR 60411"
350,451,38,2023-11-10,9,291.3,22.01,94.08,Debit Card,"707 Wilcox Mountain, Reedside, OK 21808"
351,519,43,2023-11-05,6,36.63,12.14,72.09,Bank Transfer,"PSC 4190, Box 7475, APO AE 86382"
352,918,45,2020-08-05,9,606.46,46.93,71.21,PayPal,"189 Jennifer Forge Apt. 445, Ravenshire, GA 10353"
353,849,43,2021-03-26,2,206.82,48.51,36.84,Bank Transfer,"87335 Smith Canyon, West Emmastad, NM 85992"
354,117,8,2021-09-25,3,406.22,40.15,56.09,Cash,"5923 Jason Harbor, Port Kennethville, IN 44370"
355,309,28,2022-04-11,8,513.74,13.71,48.88,Cash,"524 Kendra Ferry, New Rebeccaburgh, WY 07779"
356,320,19,2021-09-30,3,690.99,12.79,91.87,Cash,"79555 Jones Meadow Apt. 949, Michaelmouth, GA 68783"
357,362,30,2022-05-11,8,240.2,31.22,44.58,PayPal,"71570 Olivia Wells, Port Dianeton, RI 10918"
358,495,39,2019-06-22,3,847.44,12.05,45.06,Debit Card,"2635 Cobb Flats, West Dylan, FL 44085"
359,465,18,2022-03-16,7,432.09,26.4,14.56,PayPal,"37132 Bradley Flats, Johnsonchester, HI 76313"
360,365,16,2024-02-07,4,384.2,10.66,20.23,PayPal,"173 Campbell Street Apt. 637, Jennifershire, IA 26138"
361,110,8,2022-07-13,9,618.01,32.93,43.42,Cash,"7112 Samantha Oval, New Tracymouth, VA 65265"
362,783,30,2021-01-06,8,687.33,1.21,92.65,Credit Card,"31136 Glover Greens Apt. 211, Michaelhaven, MS 05779"
363,863,33,2022-10-21,3,138.23,16.22,52.01,Credit Card,"7496 Curtis Rapid Suite 651, Barnesberg, ID 93110"
364,284,27,2022-03-22,3,603.49,0.46,95.79,PayPal,"907 Graham Locks, Westside, KS 52295"
365,244,39,2020-10-08,7,879.99,19.86,23.45,Bank Transfer,"65651 Danny Street Apt. 417, Lake Aaronport, OK 17762"
366,158,48,2023-05-25,9,308.66,40.32,31.39,Credit Card,"159 Duane Forge Suite 713, West Jenniferfort, WI 67720"
367,794,12,2022-04-02,1,434.39,19.85,2.01,Credit Card,"360 Graham Views, North Lauren, MD 51044"
368,619,23,2023-05-07,6,696.21,39.71,52.34,Bank Transfer,"60191 Smith Place Suite 565, Port Seanland, KS 36665"
369,861,41,2022-02-14,4,503.72,34.38,11.7,Bank Transfer,"8737 Weeks Knolls, Wolfborough, LA 14401"
370,644,40,2021-11-07,3,71.94,41.55,88.09,PayPal,"5221 Brown Mountains, West David, IA 48013"
371,963,21,2022-10-15,7,636.7,10.41,68.71,PayPal,"99280 Baxter Ville, Andrewland, MA 76233"
372,54,17,2019-12-04,6,620.28,48.04,7.71,Credit Card,"77931 Taylor Center, Morrisland, VT 42160"
373,264,9,2021-04-07,7,372.03,30.02,74.62,Credit Card,"7055 Karen Highway Suite 075, New Joyceland, CA 82965"
374,15,7,2023-05-06,3,398.86,10.02,85.52,Bank Transfer,"7837 Tina Corners, Port Emilymouth, NE 61517"
375,533,15,2023-02-04,5,647.66,31.86,66.5,Bank Transfer,"27627 Justin Inlet, New Kimberlyburgh, MI 13147"
376,53,15,2024-04-18,9,958.02,8.25,74.05,PayPal,"358 Tanner Spring Apt. 947, North Jennifer, RI 63219"
377,995,35,2021-12-10,1,589.69,44.21,30.8,PayPal,"8806 Stacy Extensions Apt. 536, West Bryanville, SD 72898"
378,200,8,2022-05-19,1,821.55,21.58,90.89,PayPal,"0408 Mary Canyon, South Kim, MA 89081"
379,605,39,2021-08-15,2,491.54,38.68,39.31,Debit Card,"8165 Daniel Prairie, North Johnmouth, AZ 16045"
380,344,2,2020-03-03,4,416.84,23.54,8.98,PayPal,"0209 Jones Tunnel, Craigville, GA 52518"
381,223,47,2019-08-17,9,366.14,26.5,62.03,Cash,"864 Gabriel Village Suite 036, East Aaron, AL 41899"
382,415,21,2023-09-21,2,350.03,22.41,12.5,Debit Card,"2574 Brooks Throughway Apt. 697, West Markhaven, PA 53967"
383,240,4,2023-06-04,5,311.28,35.77,28.79,Credit Card,"1288 Jeffery Station, Smithton, OK 15227"
384,36,35,2022-09-14,8,376.98,5.48,67.23,Debit Card,"760 Wendy Brooks, Kelseyburgh, KS 88342"
385,233,34,2022-09-17,6,936.4,20.8,24.91,Credit Card,"6089 Alexander Lane, East Douglas, NE 57143"
386,85,7,2019-08-16,2,703.96,13.54,14.17,Bank Transfer,"93171 Danielle Mews, South Melissa, MN 61530"
387,869,25,2021-02-26,7,395.32,44.74,24.39,Bank Transfer,"4341 Nicole Cliff, North Stefanie, GA 39707"
388,107,12,2022-07-08,5,297.61,10.32,1.4,Debit Card,"50720 Martinez Terrace Apt. 650, West Sarahview, PA 29159"
389,914,25,2023-11-25,4,307.17,44.16,63.59,PayPal,"465 Patterson Forest Suite 045, Lake Laura, TN 99430"
390,950,1,2019-10-26,2,65.88,49.1,54.11,PayPal,"6696 Gonzalez Junction, Woodschester, FL 20126"
391,802,1,2021-01-15,8,472.86,29.6,78.45,Cash,"95670 Mark Brooks Suite 767, East Julie, WV 54848"
392,862,7,2019-12-08,6,956.95,16.38,51.01,Credit Card,"85211 Tyler Meadows Apt. 475, Toddtown, HI 36976"
393,841,7,2022-01-09,3,866.79,34.83,56.46,Credit Card,"954 Murray Unions Suite 071, New Lindsayton, FL 69779"
394,376,3,2023-07-21,9,143.6,44.61,60.72,Debit Card,"930 Sarah Pines, Millerberg, CT 60189"
395,249,4,2021-03-29,4,255.04,34.44,70.38,PayPal,"7173 Martin Mountain Suite 870, Gallowaybury, VT 12925"
396,449,7,2023-10-10,1,935.24,32.71,11.84,Bank Transfer,"18122 Gordon Pike Apt. 012, Christineview, AL 19613"
397,700,39,2019-11-05,7,122.11,12.37,81.78,Bank Transfer,"9123 Anthony Shoal, Brennanland, NC 13237"
398,754,35,2020-06-07,9,570.88,27.84,88.25,Debit Card,"1857 Brooke Village, Robinsonchester, WA 85326"
399,728,49,2024-05-17,2,600.76,12.3,59.81,Cash,"21060 Brian Station, West Alexandria, SC 16053"
400,911,21,2021-07-05,3,492.24,29.03,46.28,Debit Card,"83671 Campbell Tunnel, Fletcherchester, IL 86701"
401,290,44,2024-05-17,7,528.49,39.09,14.47,Debit Card,"98688 Grimes Springs Apt. 620, North Meghan, SC 33491"
402,449,3,2022-04-30,2,457.31,15.69,58.51,PayPal,"788 Erin Land, North Lindaside, MO 38519"
403,796,4,2020-01-26,9,416.31,25.71,40.73,Cash,"9017 Andre Flats, West Jennifer, ND 35389"
404,335,21,2022-07-06,1,125.04,10.7,34.33,Cash,"536 Smith Fork, South Kimberlyport, NC 83599"
405,904,19,2022-06-17,5,389.62,27.4,82.59,Cash,"655 Whitney Extension, North Ericton, SC 32324"
406,914,36,2021-10-28,6,662.02,7.14,93.1,Cash,"34673 Nichole Square, East Jacobburgh, NM 32404"
407,459,43,2021-12-03,8,228.53,31.15,28.22,PayPal,"6819 Shaffer Crossing, North Sarahmouth, VT 36823"
408,75,38,2019-07-29,3,497.08,14.97,4.25,Credit Card,"3104 Beth Trail Suite 668, Philipchester, NC 05687"
409,774,42,2020-02-15,5,135.83,33.23,92.1,Cash,"46006 Michael Turnpike Suite 918, North Amy, AL 30724"
410,75,7,2020-03-17,5,735.73,40.51,18.74,PayPal,"0749 Wilson Lodge Suite 369, Jordanstad, IL 77247"
411,168,44,2021-03-01,4,65.48,10.01,24.12,Bank Transfer,"6644 Joseph Mews, Robertchester, HI 13120"
412,740,3,2021-07-13,3,892.4,21.3,93.86,Bank Transfer,"8200 Robert Terrace Suite 581, East Bridgethaven, TN 86200"
413,648,16,2024-02-03,6,517.04,31.09,43.34,PayPal,"816 Tran Well, Millerland, CA 27528"
414,976,11,2023-02-08,4,597.83,46.09,19.22,Debit Card,"PSC 8771, Box 6431, APO AP 35953"
415,53,31,2021-08-16,2,498.84,47.72,8.89,Debit Card,"12259 Ward Burg Suite 522, Davenporttown, OK 03358"
416,621,42,2023-12-29,8,469.31,31.0,42.68,Credit Card,"033 Booker Bypass, South Zacharyburgh, SC 60868"
417,637,43,2022-07-18,1,649.32,2.54,19.68,Cash,"143 Cruz Skyway Suite 382, Lake Andreaberg, TX 31094"
418,480,11,2019-12-24,3,88.2,46.8,34.07,Cash,"523 Roberson Tunnel, East Walter, MD 63500"
419,338,44,2020-02-16,1,120.26,49.74,92.12,PayPal,"8858 William Walk, New Jenniferfurt, FL 34339"
420,752,24,2020-03-02,3,267.62,1.31,92.45,Debit Card,"PSC 3056, Box 8562, APO AA 65647"
421,527,40,2022-07-19,1,894.28,38.1,33.49,Cash,"312 Matthew Roads, Turnerland, CT 07319"
422,998,20,2020-01-28,4,356.62,7.44,82.56,Cash,"109 Vincent Ranch Apt. 199, Smithbury, NJ 77199"
423,355,24,2019-10-01,4,64.77,30.93,45.31,Bank Transfer,"9426 Amy Terrace, Russellshire, AR 44656"
424,493,30,2022-02-27,1,860.63,18.68,89.32,Debit Card,"11534 Oliver Dam, North Christina, VA 29078"
425,581,48,2022-02-05,3,326.19,9.61,93.55,Debit Card,"511 Rebecca Loop, Samanthaborough, OK 78476"
426,831,34,2021-12-28,7,943.36,11.92,58.14,PayPal,"73459 Rivera Freeway, East Michael, ID 79005"
427,314,8,2023-09-27,1,32.99,30.96,24.47,PayPal,"1597 Sexton Burg Suite 583, East Mackenzie, NV 84078"
428,363,6,2024-04-28,9,225.31,45.28,8.38,Debit Card,"859 Brown Orchard Apt. 117, Lake Nancybury, WV 78025"
429,490,10,2023-06-06,4,174.26,34.17,22.39,PayPal,"91866 Billy Shores Apt. 518, New Mary, NY 45669"
430,517,49,2022-05-10,5,806.44,18.94,82.46,Debit Card,"788 Michelle Lodge, Kochmouth, AZ 11267"
431,33,35,2021-01-30,4,725.77,32.66,50.05,Bank Transfer,"66437 Robert Prairie, Port Victoria, WA 59172"
432,519,29,2021-06-07,3,790.38,27.19,74.03,Credit Card,"83226 Suarez Valleys, West Rita, FL 31994"
433,354,46,2024-06-06,1,768.57,24.66,14.1,Debit Card,"Unit 6435 Box 9470, DPO AE 45829"
434,166,25,2024-05-07,7,877.19,2.86,53.98,Debit Card,"654 Jodi Stream, Jamesville, KY 54074"
435,52,48,2023-07-15,9,170.99,9.46,72.61,Debit Card,"USNV Mcfarland, FPO AE 16857"
436,99,27,2021-05-18,3,116.16,19.37,17.31,Credit Card,"8451 Smith Drive Apt. 887, Jacksonfort, OK 37504"
437,518,11,2021-02-10,2,933.39,42.88,6.61,Bank Transfer,"5422 Gutierrez Rest Apt. 315, South Ashley, UT 60646"
438,420,29,2024-03-24,5,612.95,41.15,58.84,PayPal,"91568 Johnson Vista, South Douglas, VA 02995"
439,290,3,2020-05-11,6,436.18,33.4,84.32,Cash,"PSC 1241, Box 5974, APO AA 60266"
440,984,23,2022-10-29,9,516.64,3.13,6.23,Debit Card,"08470 Nelson Forge, Lake Theresa, ID 95813"
441,171,20,2024-02-07,2,55.65,2.83,58.45,Cash,"5004 Gutierrez Estates Apt. 268, Port Lindsay, AR 46798"
442,369,3,2023-03-26,5,613.74,30.98,82.81,Credit Card,"9570 Frank Throughway Suite 111, Burketown, KY 43150"
443,811,23,2019-07-16,6,897.13,36.13,80.31,Debit Card,"4617 Collins Mountain Apt. 542, New Amanda, VA 16526"
444,639,37,2020-07-19,3,531.56,5.69,95.84,Credit Card,"1357 Robert Junction, Kimberlyland, WA 68562"
445,241,12,2022-09-06,1,832.87,39.09,12.59,Debit Card,"811 Kirsten Ramp, East Brittanyshire, NJ 15527"
446,699,23,2022-08-22,9,529.72,30.78,14.57,Bank Transfer,"972 Jenna Motorway Apt. 404, Morrisonchester, FL 17612"
447,922,44,2021-12-22,4,494.94,33.19,93.43,Bank Transfer,"52847 Adams Overpass Suite 075, South Carl, DC 33032"
448,325,11,2020-04-24,8,416.15,30.35,32.05,Cash,"40299 Melinda Oval, Harrishaven, NH 70470"
449,961,3,2022-09-03,7,943.01,46.86,54.67,Credit Card,"146 Miranda Forges, West Lauramouth, KY 71621"
450,213,50,2024-02-03,2,899.8,6.94,18.44,Cash,"091 Christopher Bridge, Velazquezstad, GA 86669"
451,621,23,2023-10-05,1,796.46,27.43,98.67,PayPal,"360 Katherine Views, Catherineberg, WY 95241"
452,892,16,2020-01-10,5,643.59,9.42,41.46,PayPal,"USNV Torres, FPO AP 71347"
453,461,15,2024-03-07,4,410.65,33.18,74.05,Credit Card,"236 Randall Inlet Apt. 520, Ronaldfurt, KS 95958"
454,583,40,2021-03-31,1,78.64,11.87,46.53,PayPal,"09288 Paul Radial Suite 917, Garciashire, NM 64487"
455,332,31,2023-05-15,2,301.62,40.64,71.62,Debit Card,"793 Henry Centers Apt. 828, West Alisha, IL 33474"
456,418,24,2019-12-31,2,148.06,14.14,27.93,Cash,"80659 Johnson Island Suite 215, Joshuamouth, MO 72150"
457,988,32,2022-04-04,2,493.17,27.74,43.83,Cash,"39983 Robinson Burgs, Lake Markland, SD 39685"
458,640,21,2022-02-04,8,853.94,35.21,31.92,Bank Transfer,"7406 Castillo Square, New Jamesfort, DE 64296"
459,71,6,2020-07-08,8,251.09,4.0,67.09,Bank Transfer,"309 Bright Springs Apt. 586, Alexanderview, ID 51464"
460,565,47,2021-04-16,3,566.1,41.51,80.39,Bank Transfer,"93147 Claudia Greens Apt. 786, New Roy, CO 80753"
461,618,4,2022-06-25,3,126.9,10.99,40.01,Credit Card,"Unit 7377 Box 2960, DPO AA 85521"
462,411,29,2023-04-13,3,104.15,35.4,35.66,Debit Card,"6374 Amber Square, Teresashire, MD 18514"
463,331,40,2024-03-04,8,748.46,1.82,41.74,Debit Card,"51005 George Square Apt. 805, Chapmanport, NC 49123"
464,812,13,2023-04-28,4,273.61,3.66,28.65,Bank Transfer,"272 Smith Mountain Suite 156, Heatherfurt, NJ 97040"
465,962,15,2020-03-03,1,447.47,31.92,93.19,Debit Card,"6168 Amanda River Suite 378, New Jennifer, KY 94674"
466,324,12,2021-03-25,6,588.37,26.99,82.74,Debit Card,"321 Moon Centers Apt. 797, Millertown, MA 55649"
467,493,13,2020-01-22,6,629.52,5.65,82.03,Bank Transfer,"3057 Garcia Knoll Suite 032, East Cynthia, CT 54937"
468,968,30,2023-03-21,8,762.8,5.14,54.84,PayPal,"5622 Salazar Land, Kristineview, CT 22540"
469,534,25,2022-05-09,4,125.65,36.43,43.29,Credit Card,"42019 Matthews Burgs Suite 449, South Jill, ID 08040"
470,719,20,2021-08-25,1,994.15,35.05,34.05,Cash,"PSC 0231, Box 0098, APO AE 31990"
471,974,16,2022-09-16,1,901.66,20.23,70.32,Credit Card,"0229 Monica Crescent Apt. 690, Ashleystad, TX 31080"
472,720,26,2019-09-18,5,340.79,8.89,32.28,Bank Transfer,"753 Martinez Loop Suite 260, Lake Andrew, IA 33527"
473,79,1,2023-02-07,7,864.25,43.21,24.39,Credit Card,"50629 Jodi Flats, West Kristinechester, NM 55566"
474,282,22,2021-12-13,2,520.22,9.2,40.49,Cash,"78261 Bradley Knolls Suite 775, Port Annaland, AL 77951"
475,999,24,2020-09-28,3,826.81,39.75,66.0,Cash,"60648 Rowe Fort, West Kelly, MO 97964"
476,646,44,2021-09-05,9,231.77,49.18,4.06,Debit Card,"1307 Christopher Circles Apt. 345, West Victoria, NM 02343"
477,290,30,2019-07-15,2,747.67,2.55,58.04,Debit Card,"34874 Bridget Divide, North Angela, GA 61017"
478,401,14,2022-12-18,1,601.09,16.18,30.31,PayPal,"PSC 9695, Box 7405, APO AE 26995"
479,539,41,2024-03-04,8,47.27,48.49,45.58,Debit Card,"USS Buck, FPO AA 18269"
480,217,29,2020-09-29,9,948.9,43.59,53.55,Credit Card,"009 Thompson Valley Apt. 147, Lisatown, TN 17496"
481,805,26,2022-12-03,2,568.09,14.61,60.77,Bank Transfer,"792 Lee Plaza, Meaganville, IN 40725"
482,501,29,2022-03-24,9,370.96,23.65,43.68,Debit Card,"19409 Gregory Well Apt. 162, New Robertbury, TX 52133"
483,40,37,2024-02-28,4,27.74,2.3,70.13,Debit Card,"5576 Ashley Place, West Timothymouth, WA 07740"
484,622,19,2023-05-27,2,355.69,37.26,7.08,Bank Transfer,"33211 Kent Passage Suite 896, New Curtis, NY 96273"
485,302,8,2021-04-08,3,662.46,44.57,99.36,Cash,"9724 Rivera Shoals, North Thomasside, NV 61108"
486,328,50,2020-08-17,1,726.01,8.37,97.42,Debit Card,"9914 Karen Mountains Suite 010, Sherryview, AL 34713"
487,824,39,2023-06-27,7,218.48,8.93,55.86,Cash,"050 Kelsey River, North Andrew, NC 00998"
488,647,34,2023-01-05,2,229.7,30.71,38.07,Debit Card,"609 Margaret Squares, South Scott, MO 54854"
489,496,48,2022-01-04,4,460.44,0.72,18.89,Debit Card,"177 Shawn Roads, North Jeffrey, MI 88444"
490,349,16,2021-08-28,9,375.4,45.61,9.72,PayPal,"255 Taylor Mills Suite 970, Jasonhaven, CA 99149"
491,309,44,2020-11-02,7,667.98,8.14,7.52,Cash,"283 Lambert Greens, West Misty, TX 14912"
492,22,34,2020-06-24,3,501.93,3.33,73.03,Bank Transfer,"9109 Johnson Ridge Suite 725, Turnerfort, WI 39110"
493,344,19,2021-06-24,9,504.75,14.59,9.95,Credit Card,"1382 Mark Rest Suite 219, Lake Amy, SD 59703"
494,738,9,2023-01-20,4,114.97,22.53,57.66,Debit Card,"PSC 5678, Box 5004, APO AA 39704"
495,586,31,2023-06-27,3,178.8,15.5,84.04,PayPal,"694 Evans Curve, Port Scottland, HI 38388"
496,824,21,2023-03-10,3,13.54,2.65,61.52,PayPal,"78205 Woods Ways, Port Davidport, MT 88787"
497,803,19,2020-04-19,4,35.37,27.55,59.98,PayPal,"3419 Tonya Roads, West Crystal, MS 68226"
498,884,37,2020-01-31,4,661.71,7.12,52.61,Credit Card,"39859 Lucas Station, Mooreside, KY 29628"
499,25,40,2021-09-30,8,409.21,17.61,36.73,Credit Card,"65420 Robinson Trail Suite 389, Port Amy, MA 47566"
500,186,34,2022-07-29,1,902.61,9.45,64.34,PayPal,"80044 Gabriela Estates Suite 352, East Donna, TN 69259"
501,116,47,2024-01-03,4,679.37,23.27,23.12,Bank Transfer,"9297 Rivera Mountain Apt. 662, Sandramouth, NH 07866"
502,856,32,2019-09-23,3,401.68,13.63,69.61,Debit Card,"778 Valerie Islands Suite 225, Lake Teresaborough, MT 65976"
503,698,45,2022-07-05,6,138.32,46.46,7.17,Bank Transfer,"USS Bates, FPO AP 46411"
504,852,12,2020-10-13,7,827.84,2.92,89.63,Credit Card,"44061 Winters Viaduct, Vaughnfort, OR 69422"
505,331,13,2023-07-16,4,395.11,4.18,92.62,PayPal,"496 Ramirez Overpass, Port Joy, ND 53798"
506,414,20,2024-05-19,5,538.52,46.43,9.75,Cash,"8059 Eric Inlet Apt. 111, Port Kristinaview, NJ 02815"
507,959,44,2023-04-12,6,380.66,18.82,97.41,Cash,"8523 Garcia Centers, Port Anthony, NE 49739"
508,289,16,2019-12-07,4,75.01,47.8,57.5,Bank Transfer,"634 James Estate Suite 927, Thomasborough, AK 45467"
509,864,18,2023-03-15,7,727.33,42.79,6.01,Bank Transfer,"10836 Higgins Locks, South Grant, KY 51552"
510,276,3,2019-09-29,7,950.98,30.69,41.82,Credit Card,"1507 Melinda Fork, New Patrickstad, WV 62526"
511,590,15,2021-06-05,9,832.5,0.07,58.46,Bank Transfer,"9533 Swanson Dam, West Nicoletown, ID 86045"
512,865,46,2021-10-24,8,271.64,47.62,56.73,PayPal,"806 Jonathan Port Apt. 357, Danielsfurt, NM 67147"
513,455,23,2019-09-14,7,194.23,28.0,6.77,Credit Card,"794 Eric River Apt. 722, Parksmouth, HI 11071"
514,136,41,2023-08-23,1,13.32,11.86,67.47,PayPal,"85732 Mcclure Parkway, North Luisfort, WY 24964"
515,772,32,2023-02-11,6,527.44,40.01,52.44,Bank Transfer,"6444 Jeffrey Walk, Christianville, KY 45132"
516,735,22,2022-08-17,5,103.2,39.08,50.39,Debit Card,"108 Anthony Via, East Karen, MT 24767"
517,989,21,2021-01-16,2,233.96,32.06,45.61,Cash,"9651 Jackson Extensions Suite 949, East Katherine, PA 27576"
518,236,11,2020-07-28,8,403.66,36.02,80.96,PayPal,"45657 Kevin Expressway, Joshuamouth, CO 63193"
519,106,47,2022-05-06,3,957.58,46.07,79.32,Credit Card,"USNS Contreras, FPO AE 04936"
520,230,8,2019-08-07,6,349.35,20.35,1.03,PayPal,"588 Devin Cove Suite 508, Adamsberg, SD 33293"
521,445,19,2019-12-20,8,481.34,13.23,69.2,PayPal,"69883 Jessica Terrace Suite 252, Henryville, KS 84066"
522,959,11,2023-07-28,3,378.2,40.09,93.53,PayPal,"6338 Denise Valley Apt. 688, Parsonsmouth, DE 02255"
523,157,21,2022-11-09,7,328.46,20.99,69.56,Credit Card,"384 Turner Port, West Michael, GA 11653"
524,63,26,2021-05-03,7,521.96,43.81,72.16,Bank Transfer,"PSC 6499, Box 6154, APO AP 43956"
525,750,50,2022-03-25,2,814.4,47.97,34.58,PayPal,"1917 Jones Cliff, Changmouth, TX 79753"
526,936,43,2021-04-08,9,463.05,39.01,45.34,Bank Transfer,"1348 Melendez Junction, Brownshire, MS 69583"
527,273,11,2023-01-29,2,308.64,6.92,80.36,PayPal,"USS Scott, FPO AA 88619"
528,302,31,2020-08-19,9,190.05,24.27,98.44,Debit Card,"503 Lee Glen Apt. 132, Lake Matthew, NE 81742"
529,118,17,2021-06-27,1,819.13,19.83,11.53,PayPal,"PSC 2808, Box 0450, APO AA 20628"
530,544,49,2019-07-27,6,52.54,32.08,5.34,Debit Card,"23467 David Trail Suite 085, Morganside, TX 52681"
531,938,25,2019-11-05,9,877.6,38.21,16.23,PayPal,"097 Edward Wall, Port Steven, AZ 30835"
532,979,29,2023-05-17,1,634.15,0.89,70.43,Bank Transfer,"0655 Greene Parks Suite 487, Ryanside, DE 26507"
533,71,15,2023-02-20,2,906.83,11.78,12.45,Bank Transfer,"9374 Smith Freeway Apt. 044, Mitchellfurt, CT 52104"
534,609,42,2023-12-12,5,411.74,41.65,80.33,Credit Card,"305 Rose Place, Brookestad, AZ 35607"
535,426,4,2023-04-06,9,546.21,37.9,41.38,Debit Card,"8245 Arnold Ports, Meyertown, WY 17634"
536,535,35,2019-08-10,9,443.13,18.73,91.93,PayPal,"180 Craig Drive, Johnsonstad, IA 34750"
537,137,30,2021-07-01,9,479.69,43.12,31.65,PayPal,"3090 Michael Lights, Singhborough, NH 78371"
538,953,4,2024-04-13,3,987.04,11.14,8.48,PayPal,"100 Osborn Square Suite 974, Port Stephaniestad, FL 65615"
539,728,15,2020-05-12,2,325.21,39.78,83.55,Credit Card,"02293 David Light, Masonville, CA 16122"
540,753,3,2022-09-23,6,851.03,48.48,27.65,Cash,"9667 Jose Stream Suite 041, Benjaminfort, NJ 09006"
541,149,6,2020-10-29,7,89.27,33.17,36.23,Cash,"262 White Roads, Brendanview, SC 33031"
542,166,8,2024-06-08,4,306.31,39.89,6.13,Bank Transfer,"03099 Blake Stravenue Suite 110, Davidtown, WA 68960"
543,487,27,2022-09-25,7,644.54,38.28,36.62,PayPal,"33898 Andrews Extensions Suite 020, West Jenniferchester, MS 35229"
544,453,28,2019-09-28,8,726.91,32.14,34.39,Debit Card,"57042 Francis Courts, Danielview, RI 41338"
545,162,48,2020-09-12,6,702.57,44.23,72.55,Credit Card,"62379 Jones Springs Suite 094, South Cindyshire, AZ 40738"
546,551,9,2020-03-29,3,576.01,8.35,48.14,Cash,"7073 Glenn Divide, Loganstad, GA 55884"
547,487,15,2023-01-02,4,998.99,48.34,5.62,Credit Card,"6122 Bryant Station, Lake Theresafort, WI 34856"
548,554,35,2024-02-14,4,421.66,35.72,54.69,PayPal,"5392 Danielle Run Apt. 341, Andersonfurt, WA 26347"
549,259,25,2021-12-17,3,698.91,33.86,35.68,Debit Card,"257 Allen Lodge, Lopezstad, AL 92844"
550,799,21,2023-08-05,6,357.98,24.54,16.35,Debit Card,"66469 David Tunnel Suite 812, South Melissaview, SC 32044"
551,374,26,2023-01-28,9,755.61,17.46,65.63,Bank Transfer,"6252 Stephanie Stravenue Suite 972, Lake Aaronbury, LA 03630"
552,358,28,2021-11-10,7,374.69,0.41,74.46,Cash,"900 Brown Rue, Port Taylorberg, WV 66337"
553,412,6,2020-11-14,9,352.16,22.92,45.48,PayPal,"504 Jennifer Hollow Apt. 927, West Robert, UT 03066"
554,408,48,2023-01-20,9,689.54,24.08,77.87,PayPal,"41508 Margaret Land Apt. 625, Bowerstown, PA 33172"
555,442,11,2019-12-18,6,273.35,39.86,80.46,Bank Transfer,"320 Parks Mountain Apt. 227, New Stephanie, WV 36318"
556,889,9,2022-08-13,9,634.38,17.77,57.05,Debit Card,"8983 West Unions, Davidchester, NE 02443"
557,776,1,2020-04-28,1,883.0,14.56,84.04,Credit Card,"1760 Bryant Union, North Tracyshire, OH 06945"
558,187,7,2022-03-15,8,425.59,48.89,29.36,Cash,"USNV Garcia, FPO AP 35379"
559,799,4,2022-02-13,4,757.66,27.99,69.35,Credit Card,"7063 Zachary Lock Suite 050, New Kristen, NC 55477"
560,732,49,2020-02-28,5,786.18,8.39,84.85,Bank Transfer,"8576 Williams Plain, Port Nicholas, HI 39306"
561,102,8,2022-08-21,3,469.37,46.96,31.62,Cash,"487 Jeremy Junctions, New Kenneth, TX 36994"
562,209,35,2022-08-30,8,481.62,28.87,91.26,PayPal,"3499 Heather Springs, Port Gregory, SD 99861"
563,524,6,2021-02-23,3,99.74,24.15,79.05,Bank Transfer,"4678 Smith Hills Suite 213, Jordanville, MN 11163"
564,946,28,2020-01-13,2,899.79,0.98,70.91,Cash,"0267 Carlson Meadows Apt. 547, Port John, LA 79035"
565,623,15,2021-08-04,3,818.66,24.65,48.48,Credit Card,"9504 Daniel Pines, West Morganhaven, NE 20879"
566,888,41,2020-03-02,4,668.31,15.39,85.78,Credit Card,"4135 Scott Islands, South Justin, CA 32152"
567,221,5,2023-03-28,1,89.65,22.34,2.59,Debit Card,"89766 Crystal Lodge, Lewisshire, MT 81534"
568,363,46,2021-11-02,3,325.48,42.84,43.52,Credit Card,"152 Howard Meadow, North Denniston, WA 07598"
569,622,1,2020-12-19,3,297.96,1.32,47.8,Debit Card,"39306 Lydia Vista, East Ryanstad, WA 93637"
570,208,1,2024-03-13,3,897.09,11.56,55.23,Bank Transfer,"923 Santos Parkways, Gilmorechester, MN 60059"
571,868,24,2022-03-04,4,656.51,13.52,60.5,PayPal,"USS Henderson, FPO AA 16829"
572,741,21,2020-11-02,2,116.08,21.52,28.02,Debit Card,"3287 Lopez Mews Suite 820, Hickmanmouth, WV 74958"
573,810,18,2019-10-16,8,93.87,5.66,58.19,Bank Transfer,"639 Santos Rapids, East Kimberlyburgh, NM 20220"
574,510,9,2021-05-19,8,118.89,0.05,68.65,PayPal,"7690 Jamie Canyon Apt. 267, Michaelland, DC 81104"
575,21,26,2022-12-15,9,166.86,8.49,54.83,Credit Card,"65838 Pennington Shores, Archerfurt, PA 65929"
576,496,38,2023-09-25,6,88.85,26.61,58.82,Debit Card,"37787 Leach Estates Suite 796, West Martinstad, LA 71163"
577,963,39,2022-06-07,3,703.2,1.5,67.37,Cash,"121 Troy Branch Apt. 695, New Larry, CT 33611"
578,969,50,2022-02-11,9,661.92,29.01,98.83,PayPal,"32879 Courtney Views Apt. 896, Andrewchester, SD 45048"
579,8,31,2023-12-29,2,883.3,39.92,13.2,Debit Card,"PSC 3258, Box 1548, APO AP 75028"
580,764,47,2020-12-22,5,660.73,38.33,81.64,Credit Card,"9811 Garner Ford, South Caleb, NC 71602"
581,545,28,2024-03-15,4,728.0,33.29,33.82,Credit Card,"169 Michael Courts Apt. 837, Josephberg, MD 30862"
582,597,33,2022-07-04,8,537.87,17.97,27.06,Credit Card,"243 Crystal Crossroad, West Davidborough, CT 08714"
583,860,13,2023-09-12,6,738.62,21.51,49.17,Credit Card,"05790 Pacheco Ranch, West Benjamin, FL 07508"
584,959,48,2022-10-18,7,823.47,6.43,53.57,Bank Transfer,"87093 Mary Center Suite 959, Phillipsport, DC 75517"
585,423,50,2022-10-20,2,779.84,35.76,20.39,PayPal,"03971 Miller Common, North David, WY 37474"
586,632,38,2021-12-05,8,945.49,7.24,73.72,Bank Transfer,"104 Brooke Station Suite 180, North Michaelville, FL 86427"
587,522,50,2022-08-26,3,995.09,23.33,45.14,PayPal,"763 Judy Curve, West Yvetteton, IN 21644"
588,690,29,2020-10-26,8,164.43,28.39,67.44,Credit Card,"0843 Rodriguez Village Suite 271, Wangside, MD 77019"
589,726,44,2021-11-02,5,900.77,37.1,63.53,Debit Card,"82257 Sandoval Forge Suite 510, Port Mark, OK 76322"
590,737,13,2020-06-18,6,706.3,13.34,42.35,Debit Card,"1479 Warren Stream Suite 148, Port Katiemouth, NJ 32899"
591,140,7,2020-09-11,1,328.01,26.54,32.04,Bank Transfer,"919 Bell Landing, Port Joseph, ND 79004"
592,134,33,2022-10-16,5,431.13,44.3,86.36,Debit Card,"802 Smith Isle Suite 401, West Brenda, NV 49561"
593,645,34,2020-07-07,6,772.33,7.19,60.45,Debit Card,"6815 Aaron Oval, Port Michelle, ND 33277"
594,920,29,2020-02-27,4,740.93,1.41,6.51,Bank Transfer,"3070 Adams Radial Apt. 046, East Patrick, AL 95913"
595,859,17,2021-11-18,3,597.97,13.5,70.38,Bank Transfer,"801 Murphy Pass, Lake Josephport, MI 27959"
596,191,43,2022-02-25,6,375.22,38.24,14.83,Credit Card,"712 Trevor Locks Suite 187, East Heathershire, AL 13317"
597,197,48,2022-07-23,3,529.07,18.93,32.13,Cash,"320 Grant Route, Elliottborough, VA 23416"
598,592,10,2023-02-16,2,725.05,36.55,57.48,PayPal,"3721 Patricia Street, Rodgershaven, MO 57301"
599,359,26,2021-05-18,3,83.85,44.28,82.06,Debit Card,"09351 Lindsay Grove Apt. 400, Kimmouth, WV 88516"
600,162,46,2020-11-16,1,552.41,15.84,15.55,Bank Transfer,"PSC 5647, Box 3288, APO AA 67196"
601,927,7,2020-09-14,4,444.3,33.46,27.96,Cash,"48214 Thomas Point Apt. 709, Kellertown, FL 62037"
602,898,35,2020-02-12,6,25.31,17.39,35.62,PayPal,"8299 Jennifer Flat Apt. 738, New Stephaniestad, CA 06159"
603,255,9,2020-01-13,2,181.68,10.91,49.51,Cash,"5312 Ferguson Falls, East Timothy, ND 99539"
604,632,38,2020-04-07,9,340.12,5.79,6.15,Debit Card,"429 Patrick Courts, Port Melissaburgh, VA 42200"
605,223,47,2019-06-24,4,793.44,49.54,59.48,Debit Card,"135 Thomas Prairie Apt. 443, East Mary, MI 38259"
606,475,15,2020-01-20,6,801.9,15.0,34.64,Credit Card,"27057 James Crossing Suite 893, Monicabury, NH 87775"
607,128,8,2019-07-17,2,352.68,42.89,54.62,Debit Card,"19647 Sutton Road, Doristown, IL 66877"
608,781,20,2023-11-25,8,213.36,27.12,15.6,Debit Card,"356 Brown Spur Suite 154, East Michelle, TX 72113"
609,436,21,2023-04-01,3,851.2,41.68,50.17,Cash,"532 Bonilla Camp, North Hector, MD 69421"
610,105,2,2021-11-09,8,916.01,10.42,61.28,Debit Card,"1864 John Fords, South Brandi, MO 49714"
611,556,2,2022-03-04,3,713.0,49.84,69.3,Credit Card,"253 Taylor Alley Suite 674, Adrienneport, RI 67553"
612,501,30,2023-01-23,7,750.26,33.01,89.38,PayPal,"PSC 0214, Box 5865, APO AE 66370"
613,402,8,2021-04-13,3,849.3,39.13,74.9,Bank Transfer,"51315 Rachel Springs, Port Gregoryberg, AL 37341"
614,428,34,2019-08-26,1,998.28,10.71,21.18,Credit Card,"4482 Lori Loaf Suite 359, Erinland, NV 40040"
615,978,50,2019-07-30,3,467.48,23.07,53.01,PayPal,"570 Jennifer Overpass, New Ryan, MS 03263"
616,4,15,2020-12-08,9,217.86,48.75,38.65,Debit Card,"29672 Edwards Locks Apt. 736, Lake Brandyfurt, IL 42843"
617,881,15,2022-02-05,1,889.65,2.44,30.29,Debit Card,"PSC 7850, Box 3505, APO AA 38409"
618,643,17,2020-06-23,9,114.03,19.89,73.93,Debit Card,"39665 Travis Dam Apt. 336, Wrightville, MN 46194"
619,121,4,2020-10-23,3,339.31,45.69,20.29,Cash,"746 Wesley Mountains, Gibsontown, AK 72766"
620,549,22,2023-02-01,5,746.58,47.94,12.37,Credit Card,"6839 Harris Turnpike Suite 107, Josephborough, TX 33435"
621,1,13,2022-06-27,6,964.94,31.2,8.33,Cash,"49462 Debbie Viaduct, Butlerside, MS 48427"
622,954,29,2022-06-24,6,325.65,32.8,43.93,Debit Card,"USCGC Hernandez, FPO AE 68493"
623,183,6,2024-06-03,1,602.78,43.15,99.48,Credit Card,"3017 Laura Club Apt. 873, Barnetthaven, WY 24855"
624,418,28,2023-08-30,8,703.21,42.96,83.62,Cash,"262 Miller Roads, West Sheriside, MO 36227"
625,820,45,2022-09-04,8,826.45,44.48,1.31,Credit Card,"917 Kennedy Pine Apt. 428, New Jamesside, ND 12162"
626,634,43,2021-05-24,4,521.24,16.95,41.31,Bank Transfer,"531 Edwards Stream Suite 052, Jacksonville, DC 34472"
627,807,28,2023-02-24,5,422.55,42.88,83.19,PayPal,"USS Ferguson, FPO AE 51137"
628,21,38,2023-07-19,8,623.53,1.48,65.01,Debit Card,"110 Hughes Landing, West Michaelfort, NV 10467"
629,914,31,2023-01-10,9,704.32,4.83,54.96,PayPal,"08511 Lee Creek, Castrofurt, IN 06437"
630,821,5,2024-05-07,5,875.51,3.31,6.12,Debit Card,"902 Jensen Roads Apt. 639, Johnside, AR 75766"
631,863,25,2020-08-16,2,135.59,16.66,24.59,Cash,"145 Andrew Lodge, Paultown, TX 93431"
632,409,1,2019-09-07,5,647.93,29.04,90.55,Debit Card,"1155 Mayer Greens Apt. 398, Jessicaburgh, GA 39443"
633,366,22,2022-09-02,6,590.84,26.74,86.41,Cash,"75077 Jimmy Orchard, Leachland, SC 79161"
634,149,42,2024-05-25,3,999.9,15.92,6.98,Bank Transfer,"311 Billy Rapids, Coxstad, OR 92133"
635,23,46,2020-09-13,1,32.73,37.38,5.89,Debit Card,"9701 Holland Landing Suite 379, West Matthewmouth, VT 86255"
636,209,43,2021-07-11,7,398.93,44.05,28.26,PayPal,"4749 Brandon Glens, South Jenna, KY 00754"
637,501,35,2022-08-02,7,179.38,12.54,90.49,Bank Transfer,"078 Nancy Forks Apt. 332, Toddmouth, MN 56341"
638,789,44,2021-07-22,3,253.11,40.63,67.1,Credit Card,"23025 Williams Forge Apt. 173, Port Ashleyton, VA 55389"
639,726,47,2022-03-24,7,286.25,47.91,9.99,Debit Card,"51924 Chapman Squares Apt. 433, Lake Wendy, HI 70590"
640,938,40,2021-03-31,6,397.36,14.87,41.24,Bank Transfer,"222 Wong Spurs Suite 145, Faulknertown, NC 16171"
641,45,43,2021-03-26,3,215.43,16.31,42.12,PayPal,"USCGC Martinez, FPO AE 67063"
642,17,26,2019-07-24,2,720.29,28.63,34.74,PayPal,"26135 Matthew Bridge, Port Ronald, VA 88288"
643,766,25,2023-02-21,2,247.01,38.34,30.63,Cash,"64486 Derek Spurs Suite 699, East Ashleyshire, AK 27547"
644,347,41,2022-11-13,6,783.5,44.6,93.61,Credit Card,"47582 Mckay Harbor Suite 950, East Cheryl, OR 15347"
645,331,35,2019-11-28,3,360.45,18.63,77.23,PayPal,"PSC 1684, Box 4277, APO AP 81869"
646,776,1,2024-03-31,7,149.02,41.14,22.48,Debit Card,"8667 Jason Heights Suite 751, Courtneychester, OK 69177"
647,394,49,2021-11-11,7,346.22,3.01,82.81,PayPal,"1100 Dennis Estate Apt. 879, Matthewport, NE 21156"
648,909,47,2020-08-16,2,417.49,3.65,14.39,PayPal,"575 Brown Orchard, West Timothymouth, TX 89072"
649,39,33,2019-11-24,7,753.55,7.94,39.93,Bank Transfer,"400 Simmons Isle, West Kimberlymouth, TX 72378"
650,259,41,2023-03-21,9,803.2,28.18,49.37,Bank Transfer,"650 Russo Junction, South Eric, AZ 07709"
651,10,4,2023-05-08,2,361.1,14.79,56.41,Credit Card,"7986 Joel Village Apt. 501, Snydershire, GA 77599"
652,872,20,2019-12-22,3,791.85,39.63,69.29,PayPal,"069 Castaneda Lodge Suite 370, Lake Jesse, CO 69169"
653,418,6,2022-08-01,1,892.41,12.75,57.44,Cash,"530 Carter Parkway, Scottfurt, TX 68156"
654,442,7,2022-04-07,5,134.63,10.66,31.62,Debit Card,"656 Salazar Plaza, Kristenside, MO 78770"
655,596,4,2022-03-24,9,397.81,30.14,23.34,PayPal,"176 Wolf Walks Suite 350, Christineport, MT 89024"
656,996,45,2023-07-14,7,822.23,27.93,52.72,Bank Transfer,"90608 Thompson Lodge Apt. 393, Huynhtown, OR 05168"
657,967,37,2023-11-22,8,90.49,37.7,82.06,Credit Card,"PSC 3730, Box 2146, APO AA 21830"
658,200,35,2022-06-09,7,293.06,13.57,8.77,Credit Card,"Unit 9874 Box 1562, DPO AA 28452"
659,184,35,2023-09-25,7,415.16,28.82,53.36,Credit Card,"78467 Walls Drive, South Michael, OK 25994"
660,834,24,2021-11-18,8,490.62,15.41,46.4,Debit Card,"581 Frye Fort, Ruthshire, IA 18606"
661,141,2,2020-06-24,4,184.06,5.92,30.74,Cash,"9070 Smith Trail, Dunnland, IN 22664"
662,13,1,2024-03-17,2,216.63,21.73,83.84,Debit Card,"056 Jeremy Landing, Hooverborough, RI 03157"
663,273,39,2023-11-04,2,172.92,48.4,91.72,Credit Card,"6193 Katherine Mission, Rebekahville, MA 97154"
664,406,12,2023-01-23,9,206.04,16.66,33.66,Bank Transfer,"554 Austin Green, West Jennifer, VT 81562"
665,109,44,2023-08-04,3,712.47,23.87,75.26,Debit Card,"86328 Samantha Meadow, Maddoxton, AL 48415"
666,264,5,2021-12-24,9,568.11,26.23,11.27,Credit Card,"4748 Williams Park, Port Josephview, NE 41732"
667,191,1,2019-10-21,6,221.39,32.73,31.65,Credit Card,"499 Robbins Vista, Port Andrewfurt, NE 11701"
668,43,15,2022-12-24,3,138.79,3.8,67.08,PayPal,"822 Luis Manors, Schneiderhaven, NM 39708"
669,897,31,2020-01-03,1,87.26,49.51,34.31,Credit Card,"Unit 6756 Box 6655, DPO AE 89974"
670,7,3,2023-12-09,7,824.79,6.5,7.18,PayPal,"9120 Smith Glens Apt. 909, Pottsbury, KS 57326"
671,369,5,2022-03-22,6,328.89,36.94,53.38,Cash,"47166 Richard Summit Apt. 717, Janetmouth, CO 26005"
672,579,2,2020-07-26,3,334.53,7.03,13.76,Credit Card,"8583 Maria Manor, New Julianbury, NH 64251"
673,207,5,2019-06-30,6,337.89,44.41,6.65,Bank Transfer,"87578 Michael Plain, New Christopher, TN 23648"
674,240,20,2023-03-20,7,653.11,45.62,33.34,Cash,"5113 Christine Pass, Owenfurt, MT 17763"
675,323,1,2019-08-24,1,334.78,44.01,89.5,Credit Card,"3612 Haley Road Suite 317, Alishatown, NY 21399"
676,490,8,2022-07-07,2,226.97,25.2,10.68,Debit Card,"9878 Charles Ridges Apt. 414, West Amymouth, TN 42365"
677,134,8,2019-11-13,7,21.1,33.29,6.41,Bank Transfer,"8636 Nelson Burgs, South Michelleshire, NV 76964"
678,76,20,2019-07-05,5,407.06,49.99,41.88,Cash,"467 Leslie Highway Apt. 857, Davidport, LA 91909"
679,171,21,2020-02-08,9,207.19,15.87,38.65,Credit Card,"9346 Cynthia Fields Suite 109, Lake Billy, MS 15416"
680,184,17,2019-12-27,5,486.59,23.75,28.14,Cash,"8023 Suarez Parks, North Brettport, LA 33790"
681,273,33,2023-06-05,4,971.07,45.6,75.51,PayPal,"9022 Elizabeth Alley, East Jamesmouth, NM 14116"
682,143,5,2022-02-18,2,59.41,37.43,81.06,Credit Card,"268 Figueroa Orchard, Abbotttown, UT 59231"
683,637,19,2024-02-03,3,52.21,1.99,34.11,Bank Transfer,"170 Peter Via, Leestad, MT 60990"
684,464,6,2023-01-27,7,536.41,1.14,48.69,Cash,"17512 Williams Lodge Suite 427, New Lisabury, NC 44473"
685,16,44,2022-01-21,4,710.3,23.49,23.26,Credit Card,"87118 Mariah Viaduct Apt. 880, North Leah, VT 60687"
686,525,8,2020-12-12,1,318.27,40.06,90.95,Credit Card,"1236 Davis Walk, Lake Sandra, TX 06292"
687,591,38,2021-11-22,8,176.68,7.68,98.46,Credit Card,"Unit 3349 Box 5787, DPO AE 45170"
688,796,21,2023-08-05,2,898.2,3.64,35.92,Cash,"6017 Cook Road Suite 716, East Russell, UT 27052"
689,850,43,2022-03-13,4,316.82,21.95,70.74,Bank Transfer,"7641 Jamie Summit Apt. 681, Robinsonview, OH 90773"
690,72,42,2021-11-27,8,318.83,37.3,58.51,Cash,"USCGC Nichols, FPO AA 98677"
691,204,41,2021-01-14,7,418.05,17.74,67.23,Cash,"9085 Natalie Place Suite 068, Miguelside, KS 53680"
692,321,20,2022-05-26,8,893.76,14.27,97.5,Debit Card,"3280 Cox Cape, Medinahaven, MD 42446"
693,718,10,2022-03-27,2,845.49,41.0,1.67,Cash,"4378 Joshua Highway, Warrenchester, FL 53032"
694,770,5,2021-01-22,3,318.82,42.62,24.63,Credit Card,"7592 Samantha Crossing Suite 531, Maysside, CA 47388"
695,981,37,2020-11-05,8,903.21,42.3,25.46,Debit Card,"58014 Duran Alley Apt. 253, Tiffanymouth, FL 88926"
696,158,32,2022-05-01,6,768.37,0.66,35.83,Debit Card,"44487 Lewis Camp, Simonberg, WV 88742"
697,800,38,2023-11-15,7,554.4,3.35,90.05,PayPal,"302 Morris Mount Apt. 400, Whitemouth, DE 66531"
698,990,42,2024-04-03,6,353.72,42.91,24.52,Cash,"62349 Smith Divide Suite 007, Wilsonstad, IA 20017"
699,803,15,2020-09-13,2,428.01,37.4,57.65,Bank Transfer,"477 Stephanie Glen Suite 351, Riverachester, MI 42263"
700,726,29,2022-03-31,7,677.22,26.49,15.87,Cash,"94686 Bolton Points, Smithmouth, NH 84458"
701,811,37,2019-12-26,3,907.47,22.08,80.82,Bank Transfer,"246 Myers Squares, Maryberg, WI 56686"
702,568,20,2024-05-01,9,93.41,2.25,65.47,Debit Card,"7189 Morrison Tunnel Apt. 684, Alanfurt, MN 54089"
703,767,35,2021-07-30,7,541.35,26.34,58.18,Credit Card,"36401 Joshua Spurs Apt. 537, West Lynn, OH 41265"
704,307,42,2020-01-18,5,496.09,36.87,28.42,Debit Card,"Unit 0356 Box 3355, DPO AE 31041"
705,308,22,2021-10-18,2,236.51,44.96,66.53,Credit Card,"586 Stephenson Forest, North Jessica, SD 98768"
706,225,23,2021-11-20,2,43.18,36.99,93.81,PayPal,"36122 Martin Mill Suite 232, Jenniferside, VA 39290"
707,272,24,2021-01-11,8,62.7,27.57,58.93,Cash,"970 Parrish Fort Suite 246, Kathleenside, MI 49720"
708,311,23,2019-10-24,7,201.0,45.72,70.35,Cash,"00250 Rodriguez Ville Suite 613, Hornfurt, FL 19002"
709,299,5,2020-08-15,4,738.42,15.5,80.74,Credit Card,"60922 Elizabeth Vista Apt. 357, Gonzalezmouth, CO 88525"
710,594,33,2023-06-22,4,263.52,38.38,56.72,Credit Card,"6759 Krause Road Apt. 008, New Karaside, OK 62490"
711,387,28,2023-06-06,2,731.07,6.63,19.38,PayPal,"896 Simon Summit, Brianville, IN 62971"
712,900,25,2020-06-26,8,663.02,8.72,45.53,PayPal,"83287 Marks Meadows Apt. 382, Shellyhaven, MN 30895"
713,977,15,2021-08-03,7,603.37,28.69,45.44,PayPal,"469 Hardy Drives, Susanview, WA 53451"
714,487,9,2021-11-24,6,946.15,1.77,48.24,Credit Card,"Unit 6869 Box 3108, DPO AP 82785"
715,612,29,2019-12-08,8,879.23,10.34,57.45,Bank Transfer,"938 Ramos Park Apt. 439, Port Christinetown, DC 93262"
716,113,39,2020-01-09,4,527.53,34.23,97.79,PayPal,"21922 Daniel Manors, Port Jennifer, PA 88765"
717,559,10,2020-05-06,7,386.17,40.24,21.85,Cash,"26791 Taylor Spring Suite 368, Tamaramouth, WI 45274"
718,362,32,2020-12-10,1,47.72,22.03,54.82,Credit Card,"8018 William Ways Suite 780, West Arthurmouth, MT 21450"
719,291,12,2020-05-06,9,777.26,37.34,99.61,Bank Transfer,"994 Daniel Ports Suite 353, Erikfurt, NJ 47378"
720,778,10,2020-04-26,3,892.62,44.9,42.56,Cash,"36285 Sandra Mews Suite 330, Thomasview, VT 44039"
721,577,9,2020-09-29,3,584.77,5.87,47.07,Credit Card,"4622 Heather Mountain, Kaylamouth, NY 71315"
722,80,27,2019-12-02,5,963.43,33.06,88.49,Credit Card,"19160 Lisa Lodge Apt. 942, Tinashire, SD 09673"
723,44,18,2023-02-15,9,632.21,47.76,27.16,PayPal,"838 Sherri Streets Suite 799, Georgefort, NE 05537"
724,681,35,2020-06-22,7,281.47,4.9,89.16,Debit Card,"048 Denise Well Apt. 234, Charlesberg, TX 92178"
725,345,26,2020-07-24,7,583.97,42.37,54.61,Cash,"0356 Jennifer Mount, Lake Jessica, HI 61022"
726,447,20,2023-08-19,5,542.23,27.0,43.3,Bank Transfer,"PSC 7736, Box 7019, APO AA 22121"
727,355,22,2022-03-31,1,199.92,41.64,19.1,Bank Transfer,"USNS Cannon, FPO AA 20309"
728,304,46,2019-09-07,7,268.97,48.04,52.15,Cash,"219 Jonathan Orchard, Washingtonland, NV 84707"
729,796,41,2021-04-24,9,12.66,48.39,59.34,Debit Card,"10503 Kerri Parkways Suite 754, Williambury, MN 68623"
730,57,30,2023-04-12,7,137.72,40.21,92.61,Bank Transfer,"4784 Michael Ville, West Claireborough, AK 20708"
731,594,36,2021-11-28,7,910.82,39.92,82.89,Cash,"721 Johnson Walk Suite 955, Gomeztown, NV 72802"
732,506,36,2023-05-26,8,100.75,24.98,41.86,Debit Card,"21780 Williams Village Suite 418, Brownfort, WV 10187"
733,766,32,2024-03-15,2,186.44,45.96,22.9,Cash,"73544 Sarah Row Apt. 717, Carrollbury, MS 75397"
734,67,40,2019-06-21,5,797.43,16.61,92.22,Bank Transfer,"519 Michele Mission, West Christopher, NM 43386"
735,396,29,2020-03-07,3,97.7,21.91,51.0,Cash,"7597 Todd Skyway Apt. 858, East Brandon, NH 23440"
736,273,46,2023-03-27,2,195.33,43.04,29.29,Credit Card,"93001 Mark Lodge Suite 033, Milesburgh, ME 14772"
737,566,21,2021-07-20,9,964.76,39.35,79.15,Cash,"0157 Evans Junctions, West Anthony, TX 07961"
738,537,13,2023-05-03,9,635.94,16.94,48.15,Bank Transfer,"042 Lopez Mission, New Monica, OH 71272"
739,208,36,2022-12-04,4,841.34,11.92,21.23,Debit Card,"USCGC Montoya, FPO AA 89069"
740,766,16,2023-01-12,4,106.39,45.48,26.88,Bank Transfer,"167 Matthew Heights, Tracyton, HI 86315"
741,624,23,2022-05-21,5,952.57,34.88,64.34,Debit Card,"02744 Holland Plaza Apt. 543, Thompsonburgh, NV 43783"
742,452,21,2023-10-20,5,90.44,19.78,46.58,Debit Card,"4207 Austin Row Suite 133, South Heather, SC 88227"
743,306,27,2022-04-22,3,256.19,16.16,11.7,Bank Transfer,"069 Latoya Crossing Apt. 108, Loweryview, IA 66186"
744,688,44,2020-11-28,1,692.3,21.92,63.88,Credit Card,"186 Davis Mountain, Wongbury, CA 18824"
745,550,34,2021-06-27,1,558.08,37.39,90.63,Credit Card,"41388 Johnson Plain, Dicksonchester, OK 32613"
746,445,46,2022-07-08,8,389.94,2.29,48.14,Debit Card,"37391 Melissa Inlet Suite 705, New Zacharyshire, OK 72662"
747,714,21,2021-03-06,9,677.68,44.53,46.65,Bank Transfer,"353 Cordova Light Suite 410, North Donna, MN 62970"
748,608,32,2021-04-05,7,457.88,21.22,73.59,PayPal,"800 Joshua Bridge, Harrisborough, KY 82004"
749,8,22,2023-09-11,8,664.02,10.21,85.54,Debit Card,"426 Yang Radial, Jamesmouth, NM 79516"
750,980,11,2023-02-19,5,700.66,20.12,37.92,PayPal,"6703 Carter Summit Apt. 758, South Benjamin, ND 01260"
751,285,28,2020-10-13,1,718.63,49.02,17.92,Cash,"3142 Frederick Wall, Port Victoria, IL 41227"
752,683,24,2022-09-01,2,790.09,19.53,23.68,PayPal,"341 James Unions Apt. 585, New Kristen, VT 52622"
753,225,44,2023-06-24,3,124.54,21.46,28.51,Bank Transfer,"657 Romero View, Lake Ashley, MI 58592"
754,702,9,2020-08-27,7,515.98,11.28,74.72,Debit Card,"914 Jonathan Run, North Stanleyland, UT 03023"
755,796,23,2020-11-22,3,595.14,12.64,86.12,Cash,"8396 Angel Ville, Martinezmouth, MI 79657"
756,118,49,2024-05-07,4,203.88,26.57,56.31,Bank Transfer,"4503 Joshua Springs, East Mark, VT 10565"
757,175,40,2020-06-29,5,823.72,25.48,35.72,Bank Transfer,"01760 Levine Wells, South Nancymouth, VT 57156"
758,641,46,2021-11-22,4,753.01,25.55,77.31,Debit Card,"4210 Brian Village Suite 146, South Mary, IN 40412"
759,58,17,2023-04-19,3,651.55,45.91,8.01,Credit Card,"0640 Lin Route, New Isaiahmouth, HI 27993"
760,870,21,2024-01-02,3,124.05,39.51,93.11,Debit Card,"PSC 4080, Box 5310, APO AP 51102"
761,951,17,2021-03-11,5,858.27,23.61,40.96,Credit Card,"00044 Charles Orchard Suite 491, New Calvinport, WI 92064"
762,288,31,2021-07-14,3,954.48,3.82,12.06,Bank Transfer,"204 Roberts Flats Apt. 668, Davidfurt, GA 03455"
763,985,38,2022-04-05,9,995.75,8.96,91.33,Bank Transfer,"7946 Walton Ville Apt. 973, West Sheri, ND 52829"
764,536,38,2022-03-01,4,192.29,37.37,59.44,Bank Transfer,"990 Davis Mill, New Zacharyshire, MA 94361"
765,895,3,2021-02-03,3,553.84,34.99,6.92,Credit Card,"8036 Paul Fork, East Melodyton, ID 09734"
766,735,14,2020-10-17,8,569.24,48.07,1.66,PayPal,"45501 Christensen Light, North Michaelchester, IL 44957"
767,694,35,2020-03-04,4,428.23,21.91,6.63,PayPal,"973 Brenda Fords Apt. 467, Jenniferland, VT 35176"
768,127,2,2023-09-28,5,441.44,35.54,48.12,Bank Transfer,"PSC 2666, Box 6107, APO AP 11440"
769,289,16,2022-10-30,8,872.15,45.09,54.01,Credit Card,"187 Ashley Hill Apt. 043, Port Jamesmouth, WI 40961"
770,865,29,2020-06-20,9,635.39,18.43,47.63,Cash,"3134 Andrew Common, North Sarah, WI 25151"
771,749,1,2024-04-04,1,532.55,36.04,99.46,Debit Card,"24366 Rogers Vista, West Maryberg, SC 64515"
772,765,25,2021-05-13,4,410.32,31.39,93.97,PayPal,"64544 Melissa Walks Suite 428, Crawfordtown, NV 75435"
773,33,28,2022-06-11,1,884.74,17.59,4.26,Debit Card,"4552 Shelley Street Apt. 015, Darrellland, WI 54924"
774,90,37,2023-01-14,4,222.87,5.61,5.09,Credit Card,"PSC 4598, Box 9458, APO AA 26948"
775,9,17,2022-12-21,6,758.54,0.4,58.77,Debit Card,"479 Murphy Trail Apt. 454, Hendersonshire, OR 32349"
776,782,47,2024-01-12,1,739.49,46.23,78.96,PayPal,"PSC 9594, Box 2893, APO AE 39330"
777,608,43,2022-06-10,2,457.21,29.07,63.49,PayPal,"152 Black Run, Jonathanside, TX 11941"
778,474,21,2024-02-14,6,111.65,37.9,15.88,PayPal,"29781 Ramirez Forges, East Christopher, PA 65875"
779,319,5,2021-12-24,9,903.28,46.75,26.72,PayPal,"82147 Jeremy Points Suite 855, New Alexander, WV 68353"
780,897,16,2021-05-07,1,739.97,16.07,67.68,Cash,"53411 Jonathan Locks, Thompsontown, DC 74440"
781,894,22,2021-06-20,4,64.84,38.34,8.24,PayPal,"35558 Kimberly Rue, East Connorport, TN 90204"
782,369,47,2021-12-01,3,211.36,25.55,63.99,PayPal,"34270 Patrick Spring, North Karina, RI 75542"
783,83,19,2021-08-03,9,723.46,28.92,78.58,Debit Card,"124 Scott Freeway, Perkinsburgh, SD 43633"
784,705,10,2023-09-21,3,236.36,41.75,15.76,Debit Card,"6001 Michael Streets Apt. 629, East Diane, DC 72507"
785,282,3,2019-09-22,5,855.8,10.21,47.31,Cash,"46037 Leonard Tunnel, Alisonchester, NY 31983"
786,276,16,2023-09-07,2,133.33,11.24,47.4,Debit Card,"45761 Parks Dam Apt. 076, West Kelseymouth, MI 18843"
787,317,34,2023-09-07,3,893.25,0.84,8.09,Cash,"7144 Barnes Freeway Apt. 268, South Victoria, NM 17580"
788,601,26,2020-10-26,1,295.46,10.31,65.87,Credit Card,"02312 George Well Apt. 052, South Shannon, VA 22198"
789,245,42,2019-10-30,9,835.48,9.52,23.14,Cash,"Unit 4945 Box 2674, DPO AA 23268"
790,100,37,2022-02-19,2,503.94,47.72,68.93,Cash,"5655 Ronald Villages, Rodneyburgh, ID 29275"
791,682,7,2021-03-18,6,257.99,16.72,27.98,Debit Card,"877 Jordan Cape, New Laurastad, SD 61646"
792,960,24,2021-08-24,8,636.22,1.79,34.73,PayPal,"83368 Warner Ridge Suite 422, West Katherine, ME 66184"
793,975,47,2020-12-20,9,383.12,13.8,34.87,Credit Card,"00920 Anne Divide Apt. 846, Brianton, MD 04955"
794,534,3,2021-07-23,6,511.76,19.53,92.58,Credit Card,"5879 Kathleen Loaf Suite 342, Lake Frank, IL 79603"
795,53,1,2023-03-24,2,205.52,3.89,55.71,Cash,"91927 Romero Manors Apt. 297, Amberhaven, AR 09935"
796,32,20,2022-10-04,9,650.28,46.48,26.75,Credit Card,"18618 Walker Throughway, East Jacqueline, OK 03931"
797,29,18,2021-09-18,2,287.98,36.08,49.02,Cash,"39628 Larry Parkways Suite 271, New Cameronville, NJ 95134"
798,875,23,2019-10-11,5,666.9,12.77,57.17,Debit Card,"8276 Jon Haven Apt. 827, New Aaronland, NH 74233"
799,950,27,2020-10-14,9,542.87,46.8,17.95,Cash,"5503 Patrick Loop Apt. 009, Port Calebchester, KS 57322"
800,359,48,2022-02-28,4,293.94,33.9,27.29,Credit Card,"06756 Gene Falls, North Joshuafurt, LA 97139"
801,163,47,2022-08-09,2,901.85,43.5,70.54,PayPal,"USNS Kelley, FPO AA 74472"
802,758,19,2021-04-09,6,38.07,13.88,53.78,Debit Card,"51523 Young Vista Suite 850, East Jerryhaven, WY 30025"
803,61,9,2022-07-23,8,16.37,27.55,7.44,Bank Transfer,"021 Sandra Orchard Suite 378, Gonzalezhaven, ID 23424"
804,150,50,2022-07-27,6,979.48,19.88,65.54,PayPal,"27973 Burnett Road Apt. 057, Louismouth, CT 75625"
805,164,12,2021-09-13,7,685.89,2.46,73.84,Debit Card,"80364 Terri Ports Suite 899, Port Ryanland, MI 59879"
806,61,20,2020-04-10,7,863.36,9.64,90.31,PayPal,"48842 Baker Crossroad, North Kevin, MA 10906"
807,690,41,2022-07-08,5,426.83,24.09,79.25,Debit Card,"356 Simmons Expressway, North Kimberlyton, LA 25390"
808,422,37,2024-02-01,6,585.17,49.96,38.79,Credit Card,"6147 Cody Knolls Apt. 150, Port Daniel, NY 27847"
809,621,38,2023-10-04,7,204.54,15.43,56.35,Bank Transfer,"11988 Williams Overpass, Lisamouth, OH 34306"
810,837,45,2021-08-06,2,482.52,11.87,51.52,Credit Card,"496 Crystal Haven, Bethberg, IN 22260"
811,73,4,2021-05-20,3,307.56,30.76,43.04,Debit Card,"Unit 7090 Box 9935, DPO AP 06166"
812,280,24,2024-04-02,3,426.95,25.86,73.72,Cash,"6499 Nicole Spur, Millerland, WY 37981"
813,118,35,2024-03-13,6,135.61,7.13,73.63,Debit Card,"PSC 2685, Box 1933, APO AE 52007"
814,543,30,2020-02-01,9,391.54,7.61,86.77,PayPal,"6332 Jennifer Ramp, Robertborough, SC 05409"
815,200,17,2023-07-11,8,989.83,40.34,24.16,Debit Card,"PSC 5007, Box 6906, APO AE 82508"
816,322,17,2020-11-08,5,643.79,20.76,54.97,Cash,"05652 Clark Corner, Rodriguezfurt, TN 76207"
817,514,48,2023-04-06,5,769.94,40.26,60.44,Debit Card,"677 Brian Plaza Apt. 421, Baldwinbury, OR 34509"
818,356,26,2023-06-19,5,628.33,5.46,77.52,Bank Transfer,"14624 Cummings Landing Suite 271, Sanchezland, AL 24633"
819,147,7,2020-06-03,9,416.01,49.86,90.74,Cash,"9850 Clark Vista Suite 815, Lukeberg, MA 54304"
820,672,2,2022-01-12,7,142.34,6.4,67.47,PayPal,"066 Walter Crest, Hillborough, MT 50762"
821,583,24,2020-07-24,6,955.56,1.17,55.57,Credit Card,"91048 Marquez Lane Suite 224, Thomasville, TN 52901"
822,164,9,2019-10-28,2,203.42,42.76,9.51,Bank Transfer,"7977 Joseph Corner, East Natalieberg, PA 00838"
823,331,17,2022-01-26,2,119.51,43.74,12.03,Bank Transfer,"491 Andrea Fort, Port Sharon, KY 57580"
824,69,24,2022-05-06,1,820.2,17.27,63.73,Debit Card,"Unit 2998 Box 4511, DPO AE 91979"
825,647,5,2021-07-23,2,132.13,4.91,57.47,Bank Transfer,"07103 Mcdonald Plaza, Dwaynemouth, MD 51700"
826,365,35,2021-10-21,5,510.59,41.36,6.58,Credit Card,"6002 Emily Coves, Port Gerald, WY 42638"
827,175,25,2021-10-20,3,342.7,49.54,84.76,PayPal,"84879 Caitlin Lights, South Scott, FL 19518"
828,719,37,2021-03-08,9,997.78,30.85,53.15,Credit Card,"1530 Matthew Pike, West Ashleyshire, NJ 31832"
829,121,47,2022-12-18,3,716.03,27.19,98.79,Credit Card,"693 Travis Fall Apt. 132, Derrickside, IN 54733"
830,62,40,2023-04-27,5,184.17,16.96,22.61,Cash,"96327 Jeffrey Underpass, Port Andrea, MS 92923"
831,315,29,2021-07-22,3,755.93,7.41,72.64,PayPal,"55850 Michael Burg, East Nancymouth, OR 97478"
832,830,13,2023-02-02,4,929.99,49.54,55.57,PayPal,"2600 Evans Port, West Michellestad, SD 13936"
833,777,31,2019-12-15,4,64.98,25.68,2.94,Bank Transfer,"17331 Sharon Estates Suite 747, Karenton, NV 10265"
834,40,26,2020-07-10,3,685.12,34.25,11.16,PayPal,"15590 Weaver Junctions, Scottview, CO 55234"
835,152,36,2020-12-15,7,444.93,34.38,95.23,Credit Card,"436 Allison Street Apt. 286, New Juliefurt, RI 12303"
836,453,7,2023-05-18,3,277.71,39.38,16.22,Bank Transfer,"33234 Price Ways, South Bryanbury, SC 99300"
837,839,16,2023-10-07,5,867.47,31.06,80.16,PayPal,"64630 Matthew Rapid Suite 765, Howellbury, NM 09926"
838,901,33,2021-05-30,2,966.97,38.54,84.79,Debit Card,"74976 Campbell Ports Suite 902, Aguirreland, DE 95108"
839,994,2,2023-11-10,8,192.91,23.04,19.68,Cash,"043 Jodi Port Apt. 302, East Michael, MS 50576"
840,765,6,2023-03-07,8,837.66,12.21,27.05,Credit Card,"6310 Julia Squares Suite 548, Kennethchester, VA 36861"
841,577,15,2023-10-15,8,181.49,9.59,12.52,PayPal,"390 Taylor Path, Arroyoshire, WA 33575"
842,724,15,2020-06-29,7,237.63,46.41,90.9,PayPal,"7087 Watkins Rest, East Amychester, ME 07661"
843,233,11,2022-09-21,1,447.6,6.76,29.64,PayPal,"99062 Angela Springs, Patrickview, DC 79423"
844,819,38,2020-09-25,4,413.58,25.75,74.35,Cash,"64307 Hill Brook Suite 611, Jamesmouth, MN 24934"
845,123,1,2022-02-22,8,40.39,17.78,99.68,Credit Card,"PSC 4953, Box 7088, APO AP 60883"
846,285,15,2019-07-28,7,595.98,36.2,13.81,Credit Card,"0588 Pitts Manor Apt. 779, West Nancychester, ND 35194"
847,739,44,2023-03-12,3,958.37,13.81,39.1,Credit Card,"8492 Lance Run Apt. 927, East Steven, OH 24328"
848,22,12,2021-01-06,5,196.57,4.84,40.4,Debit Card,"8618 Elliott Via, New Eric, NH 92024"
849,445,39,2020-08-19,8,904.68,35.03,3.48,Credit Card,"07502 Erickson Bridge Apt. 965, Jonathanfurt, NH 62842"
850,86,32,2020-05-31,2,633.61,5.46,94.75,Cash,"PSC 8839, Box 6637, APO AP 96846"
851,758,18,2021-10-17,3,53.15,31.17,91.98,PayPal,"0940 Thomas Well Apt. 962, Millerland, ME 72624"
852,114,36,2021-08-09,3,843.14,25.62,86.88,Debit Card,"5062 Hodges Flat, Russellburgh, IA 51306"
853,182,25,2020-09-27,3,920.09,36.98,19.95,Cash,"366 Flores Islands Suite 365, Crawfordton, NY 58852"
854,946,5,2024-02-28,7,99.2,16.24,74.08,Credit Card,"56898 Smith Coves Apt. 564, East Mark, PA 76831"
855,396,45,2023-08-29,9,244.76,48.65,78.29,Credit Card,"85215 Young Shores, Josephborough, NY 50981"
856,509,15,2021-12-06,2,902.43,1.45,94.47,Cash,"0513 Elizabeth Haven, North Sarahchester, UT 53268"
857,326,38,2020-03-09,4,954.78,31.67,65.2,Cash,"8992 Tina Mountain Apt. 306, Sheppardfurt, AK 15792"
858,423,14,2020-02-11,3,621.35,16.42,60.13,Debit Card,"5437 Miller Grove, Patrickside, ME 35614"
859,212,41,2024-05-07,2,461.31,43.12,38.16,Cash,"769 Liu Plains, Cobbtown, OH 90211"
860,455,47,2019-12-20,9,269.04,21.05,47.34,Debit Card,"382 Gregory Trail, Walshside, NM 20532"
861,164,17,2023-07-24,5,405.84,33.56,85.46,Debit Card,"75134 Michael Village, Lake Robert, RI 60858"
862,938,10,2022-06-29,3,34.44,12.41,28.1,Cash,"22180 Patricia Parkways Apt. 085, South Brookemouth, NJ 56627"
863,4,35,2021-07-14,3,657.87,16.55,22.18,PayPal,"0727 Brian Parkway, Toddborough, RI 04621"
864,387,30,2020-01-02,1,216.36,33.77,34.15,Credit Card,"95795 Zachary Isle Suite 682, Lake Austinberg, DE 00885"
865,114,23,2024-01-18,7,14.68,10.71,63.87,Bank Transfer,"792 Jean Vista, Port Adrienne, WA 47509"
866,163,49,2023-02-11,5,432.11,17.91,48.24,Cash,"USNS Powers, FPO AP 45382"
867,74,18,2023-07-22,2,579.35,35.54,23.1,Debit Card,"USNV Malone, FPO AE 05369"
868,624,44,2021-03-14,7,562.43,7.85,43.52,Debit Card,"26212 Julie Inlet Suite 649, Raymondfort, MT 28955"
869,79,3,2022-02-18,5,573.11,35.43,5.35,Debit Card,"USNV Bender, FPO AE 37270"
870,502,40,2019-07-05,7,280.23,2.37,83.17,Bank Transfer,"619 Hayes Extensions Suite 670, Frankmouth, NM 42985"
871,964,46,2022-04-15,6,893.06,19.45,31.91,Credit Card,"202 Sean Radial, South Thomaston, WY 10053"
872,456,13,2022-12-18,3,806.12,21.68,29.92,Bank Transfer,"58450 Linda Green, Lake Lisamouth, NH 81204"
873,73,26,2022-09-17,5,630.96,21.06,36.97,Cash,"015 Elizabeth Hills, North Lauraville, AR 27425"
874,349,1,2021-04-17,4,394.24,42.63,50.86,Cash,"32638 Thomas Springs, Courtneyberg, AK 75280"
875,329,46,2024-05-16,8,692.33,47.69,34.13,Cash,"4120 John Views Apt. 948, Port Amandastad, WA 77649"
876,227,40,2023-06-16,5,350.59,46.22,92.67,PayPal,"943 Melvin Mill Apt. 249, Luisbury, RI 56786"
877,761,50,2021-05-28,8,272.14,34.62,57.08,Cash,"91977 Scott Key Apt. 587, Philipburgh, CO 10436"
878,299,6,2024-02-24,6,421.84,25.63,15.01,Cash,"071 William Lakes Apt. 589, South Emily, DE 56354"
879,325,3,2023-01-31,1,274.33,3.69,3.78,Debit Card,"4423 Anna Island Suite 064, Lake Kennethmouth, CT 48472"
880,264,30,2020-05-27,7,460.65,18.4,38.67,Debit Card,"8959 Shannon Hill, Paulchester, WA 35310"
881,757,10,2019-10-29,4,962.58,34.99,27.72,Debit Card,"565 Miller Mountains Suite 304, East Jacqueline, NC 69016"
882,325,49,2021-06-07,1,132.58,12.56,89.61,PayPal,"PSC 6198, Box 9932, APO AA 53709"
883,120,45,2023-11-20,5,645.11,0.73,6.52,Credit Card,"012 Tara Centers, Garrettfurt, NE 18462"
884,354,23,2021-02-05,9,89.57,48.42,72.42,Credit Card,"74069 Krista Wall Suite 588, Jessicaton, IL 96644"
885,207,26,2023-04-28,8,252.65,1.0,94.34,Credit Card,"3508 Tristan Club, Port Markstad, MD 25748"
886,271,36,2024-03-13,7,783.47,31.53,45.68,PayPal,"554 Jacob Manors, Lake Justintown, FL 60686"
887,821,31,2021-12-09,6,987.1,0.82,57.64,Debit Card,"89087 Kathy Run, Owensview, SC 33075"
888,889,41,2020-09-23,5,357.66,25.8,29.47,Bank Transfer,"40517 Michael Street Suite 108, East Angie, UT 37717"
889,216,1,2021-01-12,8,492.17,15.96,62.05,Debit Card,"USNS Robinson, FPO AA 61910"
890,631,42,2020-07-24,7,688.48,4.69,71.13,PayPal,"0213 Rollins Ramp Apt. 245, West Jason, OR 85358"
891,604,24,2022-03-15,5,370.65,0.22,26.51,Cash,"72683 Carr Causeway, East Breannaland, AR 64964"
892,312,3,2021-05-12,3,595.35,13.21,22.56,Credit Card,"Unit 0616 Box 7448, DPO AA 14135"
893,955,32,2024-05-30,2,554.0,43.93,12.46,Debit Card,"924 Cooke Ranch, South Kyle, MN 43747"
894,551,42,2023-11-27,5,609.83,41.54,43.73,Credit Card,"421 Andrew Forge Suite 853, Thompsonfurt, NV 67511"
895,870,14,2024-05-04,2,573.6,5.24,30.28,Credit Card,"074 David Squares, Williamsfort, CA 07740"
896,1,9,2022-12-30,9,825.44,35.61,26.94,Bank Transfer,"0029 Benjamin Bypass Apt. 085, North Andrea, CT 41632"
897,72,37,2022-10-11,7,770.9,40.93,20.77,Cash,"66775 Angela Square, Danielside, AR 88303"
898,56,10,2021-04-25,5,902.61,24.95,45.26,Bank Transfer,"98527 Morales Union, West Charles, ME 58252"
899,271,24,2022-11-30,6,871.07,37.45,78.01,Bank Transfer,"1787 Karen Mills Suite 200, Lake Carol, AR 04844"
900,38,37,2020-11-05,1,810.82,14.94,37.69,Credit Card,"1314 Davis Villages Suite 070, West Sherrymouth, AZ 04813"
901,9,12,2021-05-16,4,835.46,27.77,17.88,Bank Transfer,"753 Bryant Centers, New Amyville, VT 06620"
902,124,21,2023-05-20,4,303.71,32.23,60.8,Cash,"34933 Jill Lock, Shannonborough, NV 18147"
903,156,3,2020-03-11,4,170.89,5.95,67.38,Bank Transfer,"674 Christina Cliffs Suite 392, Rogersberg, FL 43816"
904,436,14,2021-08-13,3,678.74,25.35,54.75,Cash,"USCGC Evans, FPO AP 71113"
905,375,33,2020-10-16,2,690.61,30.34,94.02,Credit Card,"4316 Rachel Mountain, Joshuaview, DE 08324"
906,293,36,2019-09-02,3,654.43,16.81,97.59,Cash,"26005 Smith Circles, South Michael, DE 06661"
907,934,31,2019-07-20,7,354.74,43.8,18.72,PayPal,"91114 Mccarthy Lodge, Escobarborough, ME 16132"
908,749,42,2023-04-06,7,629.12,16.24,14.61,Bank Transfer,"748 Elizabeth Pass, Reginamouth, ND 27363"
909,751,3,2021-04-26,2,96.21,11.84,71.63,Bank Transfer,"151 Lee Island, North Brandonfort, SC 81245"
910,435,6,2022-01-20,4,971.34,26.68,87.72,Bank Transfer,"436 Mary Green, Port Johnnyton, NH 04614"
911,958,48,2023-07-30,6,134.49,3.8,94.72,Cash,"68532 Jones Drives Suite 086, South Matthewstad, NE 50210"
912,600,44,2020-06-14,9,101.46,20.78,5.86,Debit Card,"5428 Cody Well, Jonathanfurt, WV 98968"
913,595,38,2022-01-26,1,785.65,45.24,58.03,Debit Card,"4814 Rosales Road, West Debbie, ID 54259"
914,189,11,2021-03-05,7,452.98,46.45,52.98,Credit Card,"59462 Alvarez Keys, Nguyenborough, NM 11056"
915,634,19,2023-01-11,3,287.68,2.41,82.82,Cash,"26754 Brittany Highway, West Juanfort, LA 70034"
916,765,18,2022-10-28,1,567.07,1.64,98.09,Bank Transfer,"2120 Tonya Plains, Alexanderfurt, MO 90186"
917,114,42,2021-11-04,3,46.2,41.57,65.84,Bank Transfer,"57799 Teresa Prairie Apt. 209, Port Joshua, IL 11522"
918,115,46,2022-02-18,5,518.18,37.46,65.25,Credit Card,"257 Jared Square Suite 095, Arnoldhaven, MO 83673"
919,5,13,2019-08-12,2,696.69,29.01,18.37,PayPal,"29402 Mclean Field, Nguyenchester, MD 41020"
920,327,5,2019-08-04,4,320.19,23.76,71.61,Credit Card,"773 Roberts Spurs, Jeremymouth, AZ 63792"
921,105,17,2020-02-10,8,147.07,46.21,36.96,PayPal,"07084 Cameron Oval Apt. 407, Ortizstad, PA 02525"
922,760,41,2022-08-21,5,417.21,26.23,42.01,Cash,"390 Kevin Stravenue Apt. 401, Taylorhaven, PA 81816"
923,433,47,2020-02-10,3,431.18,12.06,65.21,Debit Card,"59030 David Orchard Suite 372, East Garrettberg, SD 40966"
924,599,5,2020-06-22,9,894.86,31.53,94.49,Debit Card,"0991 William Ville, Justinfort, CT 47181"
925,325,24,2022-01-26,4,920.96,15.53,6.72,Debit Card,"6934 Ryan Ridge Suite 089, Dominguezville, WV 37911"
926,525,37,2022-10-06,9,190.41,3.14,60.26,Credit Card,"231 Cynthia Square Apt. 012, Port Jasmine, ID 40691"
927,5,35,2023-09-30,8,650.84,26.1,46.43,Debit Card,"Unit 2268 Box 6501, DPO AP 83224"
928,975,5,2022-12-07,2,537.01,34.71,27.58,Bank Transfer,"67395 Hess Field Apt. 967, Port Ericaville, UT 83249"
929,578,37,2021-09-22,5,801.54,32.87,2.51,Credit Card,"11700 Katie Pines Suite 912, Lake Jonathan, NJ 42102"
930,867,26,2023-03-30,4,533.5,37.76,84.07,Bank Transfer,"995 Brooks Parkways, North Jimmy, MS 75908"
931,166,49,2019-10-11,2,295.74,48.72,11.68,PayPal,"PSC 3937, Box 8249, APO AP 37380"
932,56,9,2022-02-03,4,111.14,25.77,17.2,Bank Transfer,"42092 Teresa Mill, New Gary, MN 18617"
933,718,22,2023-09-07,2,235.31,34.67,48.88,Bank Transfer,"4296 Crawford Knoll, North Rhonda, CO 45569"
934,596,41,2024-02-14,1,39.05,40.49,20.19,Credit Card,"212 Dominique Mountain, Lake Susanton, LA 42635"
935,373,14,2021-06-28,5,163.98,32.1,5.38,PayPal,"114 Garcia Common Apt. 571, Derekbury, VA 42903"
936,432,4,2020-07-28,5,307.33,11.52,9.9,PayPal,"562 David Union Apt. 274, Perezburgh, FL 77161"
937,51,44,2020-12-31,2,241.34,42.83,67.06,PayPal,"09413 Kevin Falls Suite 860, Myersmouth, WV 42283"
938,151,34,2019-11-29,5,672.19,34.54,47.9,Debit Card,"068 Timothy Islands, Port Thomas, VT 73076"
939,409,31,2019-07-15,5,134.43,45.49,40.85,Bank Transfer,"523 Robinson Groves, Toddborough, NH 87176"
940,917,24,2020-09-21,9,590.89,27.84,34.05,Debit Card,"82294 Brandt Cliff, Vickifort, MI 12917"
941,70,47,2022-03-30,8,196.69,4.01,97.87,Bank Transfer,"713 Pena Light Apt. 087, Hunterfort, ME 25917"
942,374,35,2023-12-14,1,745.19,25.42,46.7,PayPal,"924 Villegas Field, Port Mirandahaven, OH 21361"
943,231,22,2021-09-11,4,216.82,12.41,23.54,PayPal,"3509 Max Port Suite 184, South Stephanie, IL 26253"
944,556,43,2020-04-15,9,475.79,18.48,4.18,Credit Card,"14799 Burke Viaduct Apt. 496, West Derek, MA 50029"
945,433,38,2022-08-21,1,614.54,47.86,14.37,Debit Card,"73887 Burns Plaza, East Matthewhaven, MA 70419"
946,247,24,2024-01-22,2,370.63,21.73,15.63,Bank Transfer,"779 Doyle Ranch Apt. 677, East Amandaberg, GA 92529"
947,761,26,2022-07-11,8,872.92,1.84,45.38,Debit Card,"6507 Turner Divide, Rodriguezberg, SD 75667"
948,374,19,2023-10-31,7,662.1,37.63,39.83,Debit Card,"21108 Olivia Forge, Rossville, PA 79026"
949,152,19,2020-03-17,5,659.63,44.1,17.87,Bank Transfer,"9927 Smith Lake Apt. 282, Lake Matthewport, KS 38850"
950,403,40,2021-12-10,6,560.34,45.5,76.86,Bank Transfer,"5849 Johnson Ville, New Cindy, NJ 22071"
951,8,20,2019-12-10,7,233.2,19.48,43.77,Debit Card,"PSC 6767, Box 5168, APO AP 01360"
952,57,23,2023-05-12,6,731.41,44.52,67.03,Debit Card,"587 Brian Divide, Abbottville, IN 57876"
953,463,39,2023-10-31,9,349.9,29.11,48.62,PayPal,"09033 Elizabeth Path Suite 797, Courtneyside, OK 11863"
954,988,4,2022-09-02,4,657.3,48.21,43.74,Bank Transfer,"81641 Jones Trail, Toddstad, DC 17128"
955,809,20,2021-08-15,6,907.88,6.86,19.13,Bank Transfer,"Unit 5473 Box 3515, DPO AP 75138"
956,499,34,2023-03-12,6,241.86,44.87,51.25,PayPal,"31859 Toni Prairie, Tonyafort, DE 34990"
957,585,31,2020-03-11,1,789.27,18.87,16.5,Bank Transfer,"99855 Brandon Spurs, West Meganhaven, VA 57740"
958,313,29,2021-05-14,5,93.37,49.48,9.01,Bank Transfer,"566 Anthony Streets Apt. 812, Donovanchester, MT 85566"
959,930,38,2021-09-29,8,109.05,12.15,21.89,Cash,"4869 Kenneth Field, West Catherine, MA 50581"
960,387,32,2020-03-18,1,967.87,2.56,74.92,Cash,"93273 Brennan Port, East Kristin, AK 87102"
961,416,38,2019-08-07,1,26.03,5.92,9.68,Credit Card,"56274 Bennett Turnpike, Emilymouth, NV 57686"
962,202,6,2020-11-16,2,755.59,29.12,98.91,Credit Card,"47116 Prince Views, Port Sara, WV 37155"
963,522,29,2021-10-23,4,204.21,19.1,15.96,Credit Card,"PSC 2174, Box 1867, APO AE 83043"
964,199,12,2023-09-20,8,126.57,21.24,68.03,Debit Card,"77771 Garcia Light Suite 025, East Crystal, AL 46357"
965,217,19,2023-09-24,3,677.93,49.9,62.16,Bank Transfer,"58843 Elizabeth Canyon Apt. 367, Masonville, WA 90833"
966,211,44,2021-04-20,2,947.95,46.84,67.78,PayPal,"018 Coleman Drive, North Brandymouth, MD 37447"
967,295,13,2021-09-15,7,834.1,7.21,58.13,Credit Card,"144 Richardson Mission, New Joshua, MN 03665"
968,446,31,2020-07-16,3,217.77,41.26,96.42,Credit Card,"4431 Tracy Gateway Suite 298, Olsontown, PA 22241"
969,519,47,2022-11-20,4,160.31,34.66,10.14,PayPal,"43824 Diaz Loop Apt. 377, New Emilyhaven, TX 86139"
970,612,48,2020-02-17,1,127.03,27.24,48.09,Cash,"59247 Jennings Court, Josephchester, WY 97029"
971,751,28,2019-06-21,1,409.45,49.3,34.58,Credit Card,"63583 Seth Falls Apt. 224, West Virginia, IN 48185"
972,259,16,2022-12-19,5,678.07,4.48,40.91,Credit Card,"068 Harris Spurs, North Alexanderhaven, NH 15271"
973,935,43,2019-09-18,5,259.87,24.1,16.7,Cash,"969 Madison Heights, Lambertton, VT 89841"
974,445,49,2024-03-25,5,391.77,1.64,2.54,Cash,"440 Scott Isle, North Daniel, WV 88638"
975,463,44,2020-01-24,2,925.31,5.95,86.71,Credit Card,"46787 Flores Well, Johnstonshire, WA 86102"
976,944,30,2022-09-30,2,547.08,42.48,4.42,Credit Card,"83280 Taylor Field, Sanchezmouth, TX 88597"
977,501,39,2020-05-11,6,482.58,17.45,52.0,Cash,"557 Tyler Canyon Apt. 486, Millerport, WY 40809"
978,744,26,2020-05-20,7,340.41,30.61,67.57,Bank Transfer,"007 Shawn Alley, Gomezshire, MD 73225"
979,203,38,2021-06-28,3,275.25,47.05,73.75,PayPal,"62316 Kelsey Squares Suite 792, Lake Meganmouth, ME 48421"
980,762,47,2022-11-08,8,596.13,10.22,61.91,Bank Transfer,"33931 Daniel Circles Suite 393, Evansport, MT 30277"
981,544,26,2022-04-09,6,45.02,37.95,73.0,Bank Transfer,"771 Villarreal Lake Suite 117, New Bryanhaven, TN 22319"
982,260,1,2021-04-17,2,919.31,45.49,32.02,Debit Card,"USS Evans, FPO AE 30297"
983,401,48,2023-06-10,1,538.0,6.38,78.12,PayPal,"382 Kimberly Street, North Jerome, MI 52485"
984,252,38,2022-10-17,5,171.33,11.37,35.16,PayPal,"038 Jasmine Summit, Lake Ian, NY 29295"
985,817,34,2019-10-24,1,582.7,16.76,75.61,Bank Transfer,"037 Joseph Canyon, Mauricemouth, ME 82167"
986,918,18,2019-09-29,9,717.11,21.54,62.59,Credit Card,"6442 Nathaniel Walks, South Catherine, MN 23071"
987,297,40,2020-06-08,3,472.7,43.1,42.16,Cash,"927 Richardson Spur, Lopezmouth, KS 45984"
988,385,16,2019-07-10,6,31.57,43.18,42.41,Debit Card,"581 William Crossroad Suite 537, West Colin, MI 17802"
989,50,4,2020-04-14,6,382.18,28.08,3.96,Cash,"4575 Craig Valleys Suite 994, Michaelchester, ND 33309"
990,399,20,2023-06-16,2,990.32,3.43,61.9,Cash,"34895 Johnson Shoals, Johnsonstad, ND 55709"
991,284,17,2023-06-17,9,829.55,9.75,48.05,Bank Transfer,"171 Johnson Crossing, Amyton, MA 72266"
992,695,1,2023-01-08,2,463.65,44.35,79.71,Credit Card,"7228 Michael Way Suite 551, Port James, GA 02923"
993,51,19,2023-04-26,1,230.02,3.09,20.4,Debit Card,"821 Bentley Port Suite 793, Parkertown, MI 97577"
994,31,2,2019-06-16,9,871.72,42.16,64.63,Debit Card,"35968 Derek Via Apt. 793, Owensshire, OH 51184"
995,781,38,2023-02-26,3,285.71,45.12,45.78,Debit Card,"153 Perez Tunnel, New Trevor, CO 85575"
996,75,19,2020-06-20,7,315.84,20.23,58.76,Debit Card,"550 Patrick Shore Apt. 072, Crawfordview, GA 88444"
997,433,19,2023-06-10,5,436.14,27.33,57.38,Cash,"767 Gonzales Stravenue, Lake Tonyamouth, DC 25939"
998,374,47,2020-06-30,3,569.8,18.01,26.47,PayPal,"6753 Powers Drives, Adamsside, NY 08554"
999,978,9,2020-10-04,9,610.07,10.21,65.33,Bank Transfer,"701 Rachael Bypass, Ellisberg, NC 10489"
1000,858,32,2022-09-15,1,817.2,13.77,37.64,Credit Card,"73296 Salas Falls Apt. 214, Patriciamouth, WV 71755"
